[30Apr2026 19:10:48.858] [main/INFO] [cpw.mods.modlauncher.Launcher/MODLAUNCHER]: ModLauncher running: args [--launchTarget, neoforgeclientdev, --version, 21.8.31, --assetIndex, 26, --assetsDir, C:\\Users\\lucas\\.mcreator\\gradle\\caches\\neoformruntime\\assets, --fml.fmlVersion, 9.0.16, --fml.mcVersion, 1.21.8, --fml.neoForgeVersion, 21.8.31, --fml.neoFormVersion, 20250717.133445]
[30Apr2026 19:10:48.863] [main/INFO] [cpw.mods.modlauncher.Launcher/MODLAUNCHER]: JVM identified as JetBrains s.r.o. OpenJDK 64-Bit Server VM 21.0.10+1-b1163.105
[30Apr2026 19:10:48.866] [main/INFO] [cpw.mods.modlauncher.Launcher/MODLAUNCHER]: ModLauncher 9.0 starting: java version 21.0.10 by JetBrains s.r.o.; OS Windows 11 arch amd64 version 10.0
[30Apr2026 19:10:48.893] [main/DEBUG] [cpw.mods.modlauncher.LaunchServiceHandler/MODLAUNCHER]: Found launch services [minecraft,neoforgeclientdatadev,neoforgeserver,testharness,neoforgejunitdev,neoforgegametestserverdev,neoforgeclient,neoforgeserverdev,neoforgeclientdev,neoforgeserverdatadev]
[30Apr2026 19:10:48.919] [main/DEBUG] [cpw.mods.modlauncher.LaunchPluginHandler/MODLAUNCHER]: Found launch plugins: [mixin,neoforgedevdistcleaner,slf4jfixer,runtime_enum_extender,accesstransformer]
[30Apr2026 19:10:48.930] [main/DEBUG] [cpw.mods.modlauncher.TransformationServicesHandler/MODLAUNCHER]: Discovering transformation services
[30Apr2026 19:10:48.936] [main/DEBUG] [net.neoforged.fml.loading.FMLPaths/CORE]: Path GAMEDIR is C:\Users\lucas\MCreatorWorkspaces\modshellatol\run
[30Apr2026 19:10:48.937] [main/DEBUG] [net.neoforged.fml.loading.FMLPaths/CORE]: Path MODSDIR is C:\Users\lucas\MCreatorWorkspaces\modshellatol\run\mods
[30Apr2026 19:10:48.937] [main/DEBUG] [net.neoforged.fml.loading.FMLPaths/CORE]: Path CONFIGDIR is C:\Users\lucas\MCreatorWorkspaces\modshellatol\run\config
[30Apr2026 19:10:48.938] [main/DEBUG] [net.neoforged.fml.loading.FMLPaths/CORE]: Path FMLCONFIG is C:\Users\lucas\MCreatorWorkspaces\modshellatol\run\config\fml.toml
[30Apr2026 19:10:48.993] [main/DEBUG] [net.neoforged.fml.loading.targets.CommonLaunchHandler/CORE]: Got mod coordinates mcreator%%C:\Users\lucas\MCreatorWorkspaces\modshellatol\build\classes\java\main;mcreator%%C:\Users\lucas\MCreatorWorkspaces\modshellatol\build\resources\main from env
[30Apr2026 19:10:48.995] [main/DEBUG] [net.neoforged.fml.loading.targets.CommonLaunchHandler/CORE]: Found supplied mod coordinates [{mcreator=[C:\Users\lucas\MCreatorWorkspaces\modshellatol\build\classes\java\main, C:\Users\lucas\MCreatorWorkspaces\modshellatol\build\resources\main]}]
[30Apr2026 19:10:49.001] [main/DEBUG] [cpw.mods.modlauncher.TransformationServicesHandler/MODLAUNCHER]: Found additional transformation services from discovery services: 
[30Apr2026 19:10:49.008] [main/INFO] [net.neoforged.fml.loading.ImmediateWindowHandler/]: Loading ImmediateWindowProvider fmlearlywindow
[30Apr2026 19:10:49.054] [main/DEBUG] [net.neoforged.fml.earlydisplay.theme.ThemeLoader/]: Loading built-in theme default
[30Apr2026 19:10:49.535] [main/DEBUG] [cpw.mods.modlauncher.TransformationServicesHandler/MODLAUNCHER]: Found transformer services : [mixin,fml]
[30Apr2026 19:10:49.535] [main/DEBUG] [cpw.mods.modlauncher.TransformationServicesHandler/MODLAUNCHER]: Transformation services loading
[30Apr2026 19:10:49.536] [main/DEBUG] [cpw.mods.modlauncher.TransformationServiceDecorator/MODLAUNCHER]: Loading service mixin
[30Apr2026 19:10:49.537] [main/DEBUG] [cpw.mods.modlauncher.TransformationServiceDecorator/MODLAUNCHER]: Loaded service mixin
[30Apr2026 19:10:49.537] [main/DEBUG] [cpw.mods.modlauncher.TransformationServiceDecorator/MODLAUNCHER]: Loading service fml
[30Apr2026 19:10:49.538] [main/DEBUG] [net.neoforged.fml.loading.FMLLoader/CORE]: FML 9.0.16 loading
[30Apr2026 19:10:49.538] [main/DEBUG] [net.neoforged.fml.loading.FMLLoader/CORE]: FML found ModLauncher version : 9.0
[30Apr2026 19:10:49.539] [main/DEBUG] [net.neoforged.fml.loading.FMLLoader/CORE]: FML found AccessTransformer version : 11.0.2+90f14086
[30Apr2026 19:10:49.540] [main/DEBUG] [net.neoforged.fml.loading.FMLLoader/CORE]: FML found EventBus version : null
[30Apr2026 19:10:49.540] [main/DEBUG] [net.neoforged.fml.loading.FMLLoader/CORE]: Found NeoForgeDev Dist Cleaner
[30Apr2026 19:10:49.541] [main/DEBUG] [cpw.mods.modlauncher.TransformationServiceDecorator/MODLAUNCHER]: Loaded service fml
[30Apr2026 19:10:49.541] [main/DEBUG] [cpw.mods.modlauncher.TransformationServicesHandler/MODLAUNCHER]: Configuring option handling for services
[30Apr2026 19:10:49.554] [main/DEBUG] [net.neoforged.fml.loading.FMLServiceProvider/CORE]: Received command line version data  : VersionInfo[neoForgeVersion=21.8.31, fmlVersion=9.0.16, mcVersion=1.21.8, neoFormVersion=20250717.133445]
[30Apr2026 19:10:49.555] [main/DEBUG] [cpw.mods.modlauncher.TransformationServicesHandler/MODLAUNCHER]: Transformation services initializing
[30Apr2026 19:10:49.556] [main/DEBUG] [cpw.mods.modlauncher.TransformationServiceDecorator/MODLAUNCHER]: Initializing transformation service mixin
[30Apr2026 19:10:49.574] [main/DEBUG] [mixin/]: MixinService [ModLauncher] was successfully booted in cpw.mods.cl.ModuleClassLoader@795cd85e
[30Apr2026 19:10:49.651] [main/INFO] [mixin/]: SpongePowered MIXIN Subsystem Version=0.8.7 Source=union:/C:/Users/lucas/.mcreator/gradle/caches/modules-2/files-2.1/net.fabricmc/sponge-mixin/0.15.2+mixin.0.8.7/2af2f021d8e02a0220dc27a7a72b4666d66d44ca/sponge-mixin-0.15.2+mixin.0.8.7.jar%23157!/ Service=ModLauncher Env=CLIENT
[30Apr2026 19:10:49.654] [main/DEBUG] [mixin/]: Initialising Mixin Platform Manager
[30Apr2026 19:10:49.655] [main/DEBUG] [mixin/]: Adding mixin platform agents for container ModLauncher Root Container(ModLauncher:4f56a0a2)
[30Apr2026 19:10:49.656] [main/DEBUG] [mixin/]: Instancing new MixinPlatformAgentMinecraftForge for ModLauncher Root Container(ModLauncher:4f56a0a2)
[30Apr2026 19:10:49.656] [main/DEBUG] [mixin/]: MixinPlatformAgentMinecraftForge rejected container ModLauncher Root Container(ModLauncher:4f56a0a2)
[30Apr2026 19:10:49.657] [main/DEBUG] [mixin/]: Instancing new MixinPlatformAgentDefault for ModLauncher Root Container(ModLauncher:4f56a0a2)
[30Apr2026 19:10:49.657] [main/DEBUG] [mixin/]: MixinPlatformAgentDefault accepted container ModLauncher Root Container(ModLauncher:4f56a0a2)
[30Apr2026 19:10:49.659] [main/DEBUG] [cpw.mods.modlauncher.TransformationServiceDecorator/MODLAUNCHER]: Initialized transformation service mixin
[30Apr2026 19:10:49.660] [main/DEBUG] [cpw.mods.modlauncher.TransformationServiceDecorator/MODLAUNCHER]: Initializing transformation service fml
[30Apr2026 19:10:49.660] [main/DEBUG] [net.neoforged.fml.loading.FMLServiceProvider/CORE]: Setting up basic FML game directories
[30Apr2026 19:10:49.661] [main/DEBUG] [net.neoforged.fml.loading.FMLPaths/CORE]: Path GAMEDIR is C:\Users\lucas\MCreatorWorkspaces\modshellatol\run
[30Apr2026 19:10:49.661] [main/DEBUG] [net.neoforged.fml.loading.FMLPaths/CORE]: Path MODSDIR is C:\Users\lucas\MCreatorWorkspaces\modshellatol\run\mods
[30Apr2026 19:10:49.662] [main/DEBUG] [net.neoforged.fml.loading.FMLPaths/CORE]: Path CONFIGDIR is C:\Users\lucas\MCreatorWorkspaces\modshellatol\run\config
[30Apr2026 19:10:49.662] [main/DEBUG] [net.neoforged.fml.loading.FMLPaths/CORE]: Path FMLCONFIG is C:\Users\lucas\MCreatorWorkspaces\modshellatol\run\config\fml.toml
[30Apr2026 19:10:49.662] [main/DEBUG] [net.neoforged.fml.loading.FMLServiceProvider/CORE]: Loading configuration
[30Apr2026 19:10:49.668] [main/DEBUG] [net.neoforged.fml.loading.FMLServiceProvider/CORE]: Preparing launch handler
[30Apr2026 19:10:49.668] [main/DEBUG] [net.neoforged.fml.loading.FMLLoader/CORE]: Using neoforgeclientdev as launch service
[30Apr2026 19:10:49.670] [main/DEBUG] [cpw.mods.modlauncher.TransformationServiceDecorator/MODLAUNCHER]: Initialized transformation service fml
[30Apr2026 19:10:49.671] [main/DEBUG] [cpw.mods.modlauncher.TransformationServicesHandler/MODLAUNCHER]: Transformation services begin scanning
[30Apr2026 19:10:49.671] [main/DEBUG] [cpw.mods.modlauncher.TransformationServiceDecorator/MODLAUNCHER]: Beginning scan trigger - transformation service mixin
[30Apr2026 19:10:49.672] [main/DEBUG] [cpw.mods.modlauncher.TransformationServiceDecorator/MODLAUNCHER]: End scan trigger - transformation service mixin
[30Apr2026 19:10:49.672] [main/DEBUG] [cpw.mods.modlauncher.TransformationServiceDecorator/MODLAUNCHER]: Beginning scan trigger - transformation service fml
[30Apr2026 19:10:49.673] [main/DEBUG] [net.neoforged.fml.loading.FMLServiceProvider/CORE]: Initiating mod scan
[30Apr2026 19:10:49.673] [main/DEBUG] [net.neoforged.fml.loading.targets.CommonLaunchHandler/CORE]: Got mod coordinates mcreator%%C:\Users\lucas\MCreatorWorkspaces\modshellatol\build\classes\java\main;mcreator%%C:\Users\lucas\MCreatorWorkspaces\modshellatol\build\resources\main from env
[30Apr2026 19:10:49.674] [main/DEBUG] [net.neoforged.fml.loading.targets.CommonLaunchHandler/CORE]: Found supplied mod coordinates [{mcreator=[C:\Users\lucas\MCreatorWorkspaces\modshellatol\build\classes\java\main, C:\Users\lucas\MCreatorWorkspaces\modshellatol\build\resources\main]}]
[30Apr2026 19:10:49.676] [main/DEBUG] [net.neoforged.fml.loading.targets.NeoForgeDevLaunchHandler/]: Launching with NeoForge from C:\Users\lucas\MCreatorWorkspaces\modshellatol\build\moddev\artifacts\neoforge-21.8.31.jar
[30Apr2026 19:10:49.689] [main/DEBUG] [net.neoforged.fml.util.ServiceLoaderUtil/CORE]: Found 4 implementations of IModFileCandidateLocator:
[30Apr2026 19:10:49.690] [main/DEBUG] [net.neoforged.fml.util.ServiceLoaderUtil/CORE]: 	       0 - [built-in] net.neoforged.fml.loading.moddiscovery.locators.NeoForgeDevProvider from loader-9.0.16.jar
[30Apr2026 19:10:49.691] [main/DEBUG] [net.neoforged.fml.util.ServiceLoaderUtil/CORE]: 	       0 - net.neoforged.fml.loading.moddiscovery.locators.ModsFolderLocator from loader-9.0.16.jar
[30Apr2026 19:10:49.692] [main/DEBUG] [net.neoforged.fml.util.ServiceLoaderUtil/CORE]: 	       0 - net.neoforged.fml.loading.moddiscovery.locators.MavenDirectoryLocator from loader-9.0.16.jar
[30Apr2026 19:10:49.692] [main/DEBUG] [net.neoforged.fml.util.ServiceLoaderUtil/CORE]: 	   -1000 - [built-in] net.neoforged.fml.loading.moddiscovery.locators.UserdevLocator from loader-9.0.16.jar
[30Apr2026 19:10:49.695] [main/DEBUG] [net.neoforged.fml.util.ServiceLoaderUtil/CORE]: Found 2 implementations of IModFileReader:
[30Apr2026 19:10:49.696] [main/DEBUG] [net.neoforged.fml.util.ServiceLoaderUtil/CORE]: 	       0 - net.neoforged.fml.loading.moddiscovery.readers.JarModsDotTomlModFileReader from loader-9.0.16.jar
[30Apr2026 19:10:49.696] [main/DEBUG] [net.neoforged.fml.util.ServiceLoaderUtil/CORE]: 	   -1000 - net.neoforged.fml.loading.moddiscovery.readers.NestedLibraryModReader from loader-9.0.16.jar
[30Apr2026 19:10:49.698] [main/DEBUG] [net.neoforged.fml.util.ServiceLoaderUtil/CORE]: Found 1 implementations of IDependencyLocator:
[30Apr2026 19:10:49.699] [main/DEBUG] [net.neoforged.fml.util.ServiceLoaderUtil/CORE]: 	       0 - net.neoforged.fml.loading.moddiscovery.locators.JarInJarDependencyLocator from loader-9.0.16.jar
[30Apr2026 19:10:49.722] [fml-loadingscreen/INFO] [net.neoforged.fml.earlydisplay.render.LoadingScreenRenderer/]: GL info: AMD Radeon(TM) Graphics GL version 3.2.0 Core Profile Context 25.8.1.250617, ATI Technologies Inc.
[30Apr2026 19:10:49.783] [main/DEBUG] [net.neoforged.fml.loading.moddiscovery.ModFileInfo/LOADING]: Found valid mod file neoforge-21.8.31.jar with {minecraft} mods - versions {1.21.8}
[30Apr2026 19:10:49.794] [main/DEBUG] [net.neoforged.fml.loading.moddiscovery.ModFileParser/LOADING]: Considering mod file candidate C:\Users\lucas\MCreatorWorkspaces\modshellatol\build\moddev\artifacts\neoforge-21.8.31.jar
[30Apr2026 19:10:49.824] [fml-loadingscreen/DEBUG] [net.neoforged.fml.earlydisplay.render.elements.MojangLogoElement/]: Failed to load Mojang logo from assets/minecraft/textures/gui/title/mojangstudios.png
[30Apr2026 19:10:49.837] [main/DEBUG] [net.neoforged.fml.loading.moddiscovery.ModFileInfo/LOADING]: Found valid mod file neoforge-21.8.31.jar with {neoforge} mods - versions {21.8.31}
[30Apr2026 19:10:49.843] [main/DEBUG] [net.neoforged.fml.loading.moddiscovery.ModListHandler/CORE]: Found mod coordinates from lists: []
[30Apr2026 19:10:49.847] [main/DEBUG] [net.neoforged.fml.loading.moddiscovery.ModFileParser/LOADING]: Considering mod file candidate C:\Users\lucas\MCreatorWorkspaces\modshellatol\build\classes\java\main
[30Apr2026 19:10:49.856] [main/DEBUG] [net.neoforged.fml.loading.moddiscovery.ModFileInfo/LOADING]: Found valid mod file main with {modshellatol} mods - versions {1.0.0}
[30Apr2026 19:10:49.870] [main/DEBUG] [net.neoforged.fml.loading.moddiscovery.ModFileParser/LOADING]: Considering mod file candidate C:\Users\lucas\MCreatorWorkspaces\modshellatol\build\moddev\artifacts\neoforge-21.8.31.jar
[30Apr2026 19:10:49.873] [main/DEBUG] [net.neoforged.fml.loading.moddiscovery.ModFileInfo/LOADING]: Found valid mod file neoforge-21.8.31.jar with {neoforge} mods - versions {21.8.31}
[30Apr2026 19:10:49.916] [main/DEBUG] [net.neoforged.fml.loading.moddiscovery.ModDiscoverer/]: Skipping C:\Users\lucas\.mcreator\gradle\caches\modules-2\files-2.1\net.neoforged.fancymodloader\earlydisplay\9.0.16\303a11afeb7cb2f9477ab0e27cc739af2a930a9e\earlydisplay-9.0.16.jar because it was already located earlier
[30Apr2026 19:10:49.916] [main/DEBUG] [net.neoforged.fml.loading.moddiscovery.ModDiscoverer/]: Skipping C:\Users\lucas\.mcreator\gradle\caches\modules-2\files-2.1\net.neoforged.fancymodloader\loader\9.0.16\ce1493ad6231325f40ee4571ae9b13d7ba98feff\loader-9.0.16.jar because it was already located earlier
[30Apr2026 19:10:49.916] [main/DEBUG] [net.neoforged.fml.loading.moddiscovery.ModDiscoverer/]: Skipping C:\Users\lucas\.mcreator\gradle\caches\modules-2\files-2.1\net.neoforged\accesstransformers\11.0.2\25dcb69c78b16669935f0ab91dff830ce192379d\accesstransformers-11.0.2.jar because it was already located earlier
[30Apr2026 19:10:49.917] [main/DEBUG] [net.neoforged.fml.loading.moddiscovery.ModDiscoverer/]: Skipping C:\Users\lucas\.mcreator\gradle\caches\modules-2\files-2.1\org.ow2.asm\asm-commons\9.8\36e4d212970388e5bd2c5180292012502df461bb\asm-commons-9.8.jar because it was already located earlier
[30Apr2026 19:10:49.917] [main/DEBUG] [net.neoforged.fml.loading.moddiscovery.ModDiscoverer/]: Skipping C:\Users\lucas\.mcreator\gradle\caches\modules-2\files-2.1\net.neoforged\mergetool\2.0.0\52fe1949be64e3303aabaaa21e315f551db9c9f4\mergetool-2.0.0-api.jar because it was already located earlier
[30Apr2026 19:10:49.917] [main/DEBUG] [net.neoforged.fml.loading.moddiscovery.ModDiscoverer/]: Skipping C:\Users\lucas\.mcreator\gradle\caches\modules-2\files-2.1\org.ow2.asm\asm-util\9.8\395f1c1f035258511f27bc9b2583d76e4b143f59\asm-util-9.8.jar because it was already located earlier
[30Apr2026 19:10:49.917] [main/DEBUG] [net.neoforged.fml.loading.moddiscovery.ModDiscoverer/]: Skipping C:\Users\lucas\.mcreator\gradle\caches\modules-2\files-2.1\org.ow2.asm\asm-analysis\9.8\b9747a320844b6cb1eacd90d8ecfd260a16c01d3\asm-analysis-9.8.jar because it was already located earlier
[30Apr2026 19:10:49.917] [main/DEBUG] [net.neoforged.fml.loading.moddiscovery.ModDiscoverer/]: Skipping C:\Users\lucas\.mcreator\gradle\caches\modules-2\files-2.1\org.ow2.asm\asm-tree\9.8\18419ca5b77a2f81097c741e7872e6ab8d2f40d\asm-tree-9.8.jar because it was already located earlier
[30Apr2026 19:10:49.918] [main/DEBUG] [net.neoforged.fml.loading.moddiscovery.ModDiscoverer/]: Skipping C:\Users\lucas\.mcreator\gradle\caches\modules-2\files-2.1\net.neoforged\bus\8.0.5\5b2d33285ab5d1554e9798ad98c40d6ea3868bd5\bus-8.0.5.jar because it was already located earlier
[30Apr2026 19:10:49.918] [main/DEBUG] [net.neoforged.fml.loading.moddiscovery.ModDiscoverer/]: Skipping C:\Users\lucas\.mcreator\gradle\caches\modules-2\files-2.1\org.ow2.asm\asm\9.8\dc19ecb3f7889b7860697215cae99c0f9b6f6b4b\asm-9.8.jar because it was already located earlier
[30Apr2026 19:10:49.919] [main/DEBUG] [net.neoforged.fml.loading.moddiscovery.ModDiscoverer/]: Skipping C:\Users\lucas\.mcreator\gradle\caches\modules-2\files-2.1\com.electronwill.night-config\toml\3.8.3\90b2fd6efcb4a7d5b9810cf78f9d824994d717f2\toml-3.8.3.jar because it was already located earlier
[30Apr2026 19:10:49.919] [main/DEBUG] [net.neoforged.fml.loading.moddiscovery.ModDiscoverer/]: Skipping C:\Users\lucas\.mcreator\gradle\caches\modules-2\files-2.1\com.electronwill.night-config\core\3.8.3\b442a95f09e349927f5a945ecb594455870fcf4f\core-3.8.3.jar because it was already located earlier
[30Apr2026 19:10:49.919] [main/DEBUG] [net.neoforged.fml.loading.moddiscovery.ModDiscoverer/]: Skipping C:\Users\lucas\.mcreator\gradle\caches\modules-2\files-2.1\net.neoforged\JarJarSelector\0.4.1\fb3cc7a58af22ad2880adb98af6d518128c47dae\JarJarSelector-0.4.1.jar because it was already located earlier
[30Apr2026 19:10:49.919] [main/DEBUG] [net.neoforged.fml.loading.moddiscovery.ModDiscoverer/]: Skipping C:\Users\lucas\.mcreator\gradle\caches\modules-2\files-2.1\net.neoforged\JarJarMetadata\0.4.1\f8da03683dc81694556dc3e177c5e3bb77ae6fcb\JarJarMetadata-0.4.1.jar because it was already located earlier
[30Apr2026 19:10:49.920] [main/DEBUG] [net.neoforged.fml.loading.moddiscovery.ModDiscoverer/]: Skipping C:\Users\lucas\.mcreator\gradle\caches\modules-2\files-2.1\org.apache.maven\maven-artifact\3.9.9\a130ec431ef32e12a4424f9b074735bb58e15d2d\maven-artifact-3.9.9.jar because it was already located earlier
[30Apr2026 19:10:49.920] [main/DEBUG] [net.neoforged.fml.loading.moddiscovery.ModDiscoverer/]: Skipping C:\Users\lucas\.mcreator\gradle\caches\modules-2\files-2.1\net.jodah\typetools\0.6.3\a01aaa6ddaea9ec07ec4f209487b7a46a526283a\typetools-0.6.3.jar because it was already located earlier
[30Apr2026 19:10:49.921] [main/DEBUG] [net.neoforged.fml.loading.moddiscovery.ModDiscoverer/]: Skipping C:\Users\lucas\.mcreator\gradle\caches\modules-2\files-2.1\net.minecrell\terminalconsoleappender\1.3.0\b562e9bb61235c9520e26282cdee71f8f802d1fc\terminalconsoleappender-1.3.0.jar because it was already located earlier
[30Apr2026 19:10:49.921] [main/DEBUG] [net.neoforged.fml.loading.moddiscovery.ModDiscoverer/]: Skipping C:\Users\lucas\.mcreator\gradle\caches\modules-2\files-2.1\net.fabricmc\sponge-mixin\0.15.2+mixin.0.8.7\2af2f021d8e02a0220dc27a7a72b4666d66d44ca\sponge-mixin-0.15.2+mixin.0.8.7.jar because it was already located earlier
[30Apr2026 19:10:49.921] [main/DEBUG] [net.neoforged.fml.loading.moddiscovery.ModDiscoverer/]: Skipping C:\Users\lucas\.mcreator\gradle\caches\modules-2\files-2.1\net.sf.jopt-simple\jopt-simple\5.0.4\4fdac2fbe92dfad86aa6e9301736f6b4342a3f5c\jopt-simple-5.0.4.jar because it was already located earlier
[30Apr2026 19:10:49.921] [main/DEBUG] [net.neoforged.fml.loading.moddiscovery.ModDiscoverer/]: Skipping C:\Users\lucas\.mcreator\gradle\caches\modules-2\files-2.1\commons-io\commons-io\2.17.0\ddcc8433eb019fb48fe25207c0278143f3e1d7e2\commons-io-2.17.0.jar because it was already located earlier
[30Apr2026 19:10:49.922] [main/DEBUG] [net.neoforged.fml.loading.moddiscovery.ModDiscoverer/]: Skipping C:\Users\lucas\.mcreator\gradle\caches\modules-2\files-2.1\com.mojang\logging\1.5.10\9ab1202793717af9df9c1704d0a02892067001eb\logging-1.5.10.jar because it was already located earlier
[30Apr2026 19:10:49.922] [main/DEBUG] [net.neoforged.fml.loading.moddiscovery.ModDiscoverer/]: Skipping C:\Users\lucas\.mcreator\gradle\caches\modules-2\files-2.1\org.apache.logging.log4j\log4j-slf4j2-impl\2.24.1\8e3ddc96464ef7f768823e7e001a52b23de8cd0a\log4j-slf4j2-impl-2.24.1.jar because it was already located earlier
[30Apr2026 19:10:49.923] [main/DEBUG] [net.neoforged.fml.loading.moddiscovery.ModDiscoverer/]: Skipping C:\Users\lucas\.mcreator\gradle\caches\modules-2\files-2.1\org.apache.logging.log4j\log4j-core\2.24.1\c85285146f28d8c8962384f786e2dff04172fb43\log4j-core-2.24.1.jar because it was already located earlier
[30Apr2026 19:10:49.923] [main/DEBUG] [net.neoforged.fml.loading.moddiscovery.ModDiscoverer/]: Skipping C:\Users\lucas\.mcreator\gradle\caches\modules-2\files-2.1\org.apache.logging.log4j\log4j-api\2.24.1\7ebeb12c20606373005af4232cd0ecca72613dda\log4j-api-2.24.1.jar because it was already located earlier
[30Apr2026 19:10:49.923] [main/DEBUG] [net.neoforged.fml.loading.moddiscovery.ModDiscoverer/]: Skipping C:\Users\lucas\.mcreator\gradle\caches\modules-2\files-2.1\com.google.guava\guava\33.3.1-jre\852f8b363da0111e819460021ca693cacca3e8db\guava-33.3.1-jre.jar because it was already located earlier
[30Apr2026 19:10:49.923] [main/DEBUG] [net.neoforged.fml.loading.moddiscovery.ModDiscoverer/]: Skipping C:\Users\lucas\.mcreator\gradle\caches\modules-2\files-2.1\com.google.code.gson\gson\2.11.0\527175ca6d81050b53bdd4c457a6d6e017626b0e\gson-2.11.0.jar because it was already located earlier
[30Apr2026 19:10:49.924] [main/DEBUG] [net.neoforged.fml.loading.moddiscovery.ModDiscoverer/]: Skipping C:\Users\lucas\.mcreator\gradle\caches\modules-2\files-2.1\org.apache.commons\commons-lang3\3.17.0\b17d2136f0460dcc0d2016ceefca8723bdf4ee70\commons-lang3-3.17.0.jar because it was already located earlier
[30Apr2026 19:10:49.924] [main/DEBUG] [net.neoforged.fml.loading.moddiscovery.ModDiscoverer/]: Skipping C:\Users\lucas\.mcreator\gradle\caches\modules-2\files-2.1\net.neoforged.accesstransformers\at-parser\11.0.2\64aae57d6d26d69543c5275181fe6971707a4e16\at-parser-11.0.2.jar because it was already located earlier
[30Apr2026 19:10:49.925] [main/DEBUG] [net.neoforged.fml.loading.moddiscovery.ModDiscoverer/]: Skipping C:\Users\lucas\.mcreator\gradle\caches\modules-2\files-2.1\org.slf4j\slf4j-api\2.0.16\172931663a09a1fa515567af5fbef00897d3c04\slf4j-api-2.0.16.jar because it was already located earlier
[30Apr2026 19:10:49.925] [main/DEBUG] [net.neoforged.fml.loading.moddiscovery.ModDiscoverer/]: Skipping C:\Users\lucas\.mcreator\gradle\caches\modules-2\files-2.1\net.minecraftforge\srgutils\0.4.15\ca408b131759478f164e010fae0d73997e125fb5\srgutils-0.4.15.jar because it was already located earlier
[30Apr2026 19:10:49.925] [main/DEBUG] [net.neoforged.fml.loading.moddiscovery.ModDiscoverer/]: Skipping C:\Users\lucas\.mcreator\gradle\caches\modules-2\files-2.1\org.codehaus.plexus\plexus-utils\3.5.1\c6bfb17c97ecc8863e88778ea301be742c62b06d\plexus-utils-3.5.1.jar because it was already located earlier
[30Apr2026 19:10:49.926] [main/DEBUG] [net.neoforged.fml.loading.moddiscovery.ModDiscoverer/]: Skipping C:\Users\lucas\.mcreator\gradle\caches\modules-2\files-2.1\org.jline\jline-reader\3.20.0\8f15415b022a25b473e8e16c28ae913186ffb9c4\jline-reader-3.20.0.jar because it was already located earlier
[30Apr2026 19:10:49.926] [main/DEBUG] [net.neoforged.fml.loading.moddiscovery.ModDiscoverer/]: Skipping C:\Users\lucas\.mcreator\gradle\caches\modules-2\files-2.1\com.machinezoo.noexception\noexception\1.7.1\b65330c98e38a1f915fa54a6e5eca496505e3f0a\noexception-1.7.1.jar because it was already located earlier
[30Apr2026 19:10:49.927] [main/DEBUG] [net.neoforged.fml.loading.moddiscovery.ModDiscoverer/]: Skipping C:\Users\lucas\.mcreator\gradle\caches\modules-2\files-2.1\com.google.guava\failureaccess\1.0.2\c4a06a64e650562f30b7bf9aaec1bfed43aca12b\failureaccess-1.0.2.jar because it was already located earlier
[30Apr2026 19:10:49.928] [main/DEBUG] [net.neoforged.fml.loading.moddiscovery.ModDiscoverer/]: Skipping C:\Users\lucas\.mcreator\gradle\caches\modules-2\files-2.1\com.google.guava\listenablefuture\9999.0-empty-to-avoid-conflict-with-guava\b421526c5f297295adef1c886e5246c39d4ac629\listenablefuture-9999.0-empty-to-avoid-conflict-with-guava.jar because it was already located earlier
[30Apr2026 19:10:49.928] [main/DEBUG] [net.neoforged.fml.loading.moddiscovery.ModDiscoverer/]: Skipping C:\Users\lucas\.mcreator\gradle\caches\modules-2\files-2.1\com.google.code.findbugs\jsr305\3.0.2\25ea2e8b0c338a877313bd4672d3fe056ea78f0d\jsr305-3.0.2.jar because it was already located earlier
[30Apr2026 19:10:49.929] [main/DEBUG] [net.neoforged.fml.loading.moddiscovery.ModDiscoverer/]: Skipping C:\Users\lucas\.mcreator\gradle\caches\modules-2\files-2.1\org.checkerframework\checker-qual\3.43.0\9425eee39e56b116d2b998b7c2cebcbd11a3c98b\checker-qual-3.43.0.jar because it was already located earlier
[30Apr2026 19:10:49.929] [main/DEBUG] [net.neoforged.fml.loading.moddiscovery.ModDiscoverer/]: Skipping C:\Users\lucas\.mcreator\gradle\caches\modules-2\files-2.1\com.google.errorprone\error_prone_annotations\2.28.0\59fc00087ce372de42e394d2c789295dff2d19f0\error_prone_annotations-2.28.0.jar because it was already located earlier
[30Apr2026 19:10:49.929] [main/DEBUG] [net.neoforged.fml.loading.moddiscovery.ModDiscoverer/]: Skipping C:\Users\lucas\.mcreator\gradle\caches\modules-2\files-2.1\com.google.j2objc\j2objc-annotations\3.0.0\7399e65dd7e9ff3404f4535b2f017093bdb134c7\j2objc-annotations-3.0.0.jar because it was already located earlier
[30Apr2026 19:10:49.930] [main/DEBUG] [net.neoforged.fml.loading.moddiscovery.ModDiscoverer/]: Skipping C:\Users\lucas\.mcreator\gradle\caches\modules-2\files-2.1\org.jline\jline-terminal\3.20.0\d0ddcc708ddf527a3454c941b7b9225cc83a15ff\jline-terminal-3.20.0.jar because it was already located earlier
[30Apr2026 19:10:49.930] [main/DEBUG] [net.neoforged.fml.loading.moddiscovery.ModDiscoverer/]: Skipping C:\Users\lucas\.mcreator\gradle\caches\modules-2\files-2.1\com.fasterxml.jackson.core\jackson-annotations\2.13.4\858c6cc78e1f08a885b1613e1d817c829df70a6e\jackson-annotations-2.13.4.jar because it was already located earlier
[30Apr2026 19:10:49.930] [main/DEBUG] [net.neoforged.fml.loading.moddiscovery.ModDiscoverer/]: Skipping C:\Users\lucas\.mcreator\gradle\caches\modules-2\files-2.1\com.fasterxml.jackson.core\jackson-core\2.13.4\cf934c681294b97ef6d80082faeefbe1edadf56\jackson-core-2.13.4.jar because it was already located earlier
[30Apr2026 19:10:49.931] [main/DEBUG] [net.neoforged.fml.loading.moddiscovery.ModDiscoverer/]: Skipping C:\Users\lucas\.mcreator\gradle\caches\modules-2\files-2.1\com.fasterxml.jackson.core\jackson-databind\2.13.4.2\325c06bdfeb628cfb80ebaaf1a26cc1eb558a585\jackson-databind-2.13.4.2.jar because it was already located earlier
[30Apr2026 19:10:49.932] [main/DEBUG] [net.neoforged.fml.loading.moddiscovery.ModDiscoverer/]: Skipping C:\Users\lucas\.mcreator\gradle\caches\modules-2\files-2.1\com.github.oshi\oshi-core\6.6.5\e1099981fd15dc4236c4499d82aba1276fb43a9a\oshi-core-6.6.5.jar because it was already located earlier
[30Apr2026 19:10:49.932] [main/DEBUG] [net.neoforged.fml.loading.moddiscovery.ModDiscoverer/]: Skipping C:\Users\lucas\.mcreator\gradle\caches\modules-2\files-2.1\com.github.stephenc.jcip\jcip-annotations\1.0-1\ef31541dd28ae2cefdd17c7ebf352d93e9058c63\jcip-annotations-1.0-1.jar because it was already located earlier
[30Apr2026 19:10:49.933] [main/DEBUG] [net.neoforged.fml.loading.moddiscovery.ModDiscoverer/]: Skipping C:\Users\lucas\.mcreator\gradle\caches\modules-2\files-2.1\com.ibm.icu\icu4j\76.1\215f3a8e936d4069344bd75f2b1368fd58112894\icu4j-76.1.jar because it was already located earlier
[30Apr2026 19:10:49.933] [main/DEBUG] [net.neoforged.fml.loading.moddiscovery.ModDiscoverer/]: Skipping C:\Users\lucas\.mcreator\gradle\caches\modules-2\files-2.1\com.microsoft.azure\msal4j\1.17.2\a6211e3d71d0388929babaa0ff0951b30d001852\msal4j-1.17.2.jar because it was already located earlier
[30Apr2026 19:10:49.934] [main/DEBUG] [net.neoforged.fml.loading.moddiscovery.ModDiscoverer/]: Skipping C:\Users\lucas\.mcreator\gradle\caches\modules-2\files-2.1\com.mojang\authlib\6.0.58\9261a6d53e629469fab20136b968bf5202d9c0f7\authlib-6.0.58.jar because it was already located earlier
[30Apr2026 19:10:49.935] [main/DEBUG] [net.neoforged.fml.loading.moddiscovery.ModDiscoverer/]: Skipping C:\Users\lucas\.mcreator\gradle\caches\modules-2\files-2.1\com.mojang\blocklist\1.0.10\5c685c5ffa94c4cd39496c7184c1d122e515ecef\blocklist-1.0.10.jar because it was already located earlier
[30Apr2026 19:10:49.936] [main/DEBUG] [net.neoforged.fml.loading.moddiscovery.ModDiscoverer/]: Skipping C:\Users\lucas\.mcreator\gradle\caches\modules-2\files-2.1\com.mojang\brigadier\1.3.10\d15b53a14cf20fdcaa98f731af5dda654452c010\brigadier-1.3.10.jar because it was already located earlier
[30Apr2026 19:10:49.937] [main/DEBUG] [net.neoforged.fml.loading.moddiscovery.ModDiscoverer/]: Skipping C:\Users\lucas\.mcreator\gradle\caches\modules-2\files-2.1\com.mojang\datafixerupper\8.0.16\67d4de6d7f95d89bcf5862995fb854ebaec02a34\datafixerupper-8.0.16.jar because it was already located earlier
[30Apr2026 19:10:49.938] [main/DEBUG] [net.neoforged.fml.loading.moddiscovery.ModDiscoverer/]: Skipping C:\Users\lucas\.mcreator\gradle\caches\modules-2\files-2.1\com.mojang\jtracy\1.0.29\6f07dcb6a2e595c7ee2ca43b67e5d1c018ca0770\jtracy-1.0.29.jar because it was already located earlier
[30Apr2026 19:10:49.938] [main/DEBUG] [net.neoforged.fml.loading.moddiscovery.ModDiscoverer/]: Skipping C:\Users\lucas\.mcreator\gradle\caches\modules-2\files-2.1\com.mojang\jtracy\1.0.29\e05332cb31c7ae582dc8d8bd1bffd47c2ff7636f\jtracy-1.0.29-natives-windows.jar because it was already located earlier
[30Apr2026 19:10:49.939] [main/DEBUG] [net.neoforged.fml.loading.moddiscovery.ModDiscoverer/]: Skipping C:\Users\lucas\.mcreator\gradle\caches\modules-2\files-2.1\com.mojang\patchy\2.2.10\da05971b07cbb379d002cf7eaec6a2048211fefc\patchy-2.2.10.jar because it was already located earlier
[30Apr2026 19:10:49.939] [main/DEBUG] [net.neoforged.fml.loading.moddiscovery.ModDiscoverer/]: Skipping C:\Users\lucas\.mcreator\gradle\caches\modules-2\files-2.1\com.mojang\text2speech\1.18.11\e853a12cdd6ba4f4836e8f4bf3b37844a13482b6\text2speech-1.18.11.jar because it was already located earlier
[30Apr2026 19:10:49.939] [main/DEBUG] [net.neoforged.fml.loading.moddiscovery.ModDiscoverer/]: Skipping C:\Users\lucas\.mcreator\gradle\caches\modules-2\files-2.1\com.nimbusds\content-type\2.3\e3aa0be212d7a42839a8f3f506f5b990bcce0222\content-type-2.3.jar because it was already located earlier
[30Apr2026 19:10:49.939] [main/DEBUG] [net.neoforged.fml.loading.moddiscovery.ModDiscoverer/]: Skipping C:\Users\lucas\.mcreator\gradle\caches\modules-2\files-2.1\com.nimbusds\lang-tag\1.7\97c73ecd70bc7e8eefb26c5eea84f251a63f1031\lang-tag-1.7.jar because it was already located earlier
[30Apr2026 19:10:49.940] [main/DEBUG] [net.neoforged.fml.loading.moddiscovery.ModDiscoverer/]: Skipping C:\Users\lucas\.mcreator\gradle\caches\modules-2\files-2.1\com.nimbusds\nimbus-jose-jwt\9.40\42b1dfa0360e4062951b070bac52dd8d96fd7b38\nimbus-jose-jwt-9.40.jar because it was already located earlier
[30Apr2026 19:10:49.940] [main/DEBUG] [net.neoforged.fml.loading.moddiscovery.ModDiscoverer/]: Skipping C:\Users\lucas\.mcreator\gradle\caches\modules-2\files-2.1\com.nimbusds\oauth2-oidc-sdk\11.18\7c7ec4f4066625ff07a711ad856fa04da1ff9de\oauth2-oidc-sdk-11.18.jar because it was already located earlier
[30Apr2026 19:10:49.940] [main/DEBUG] [net.neoforged.fml.loading.moddiscovery.ModDiscoverer/]: Skipping C:\Users\lucas\.mcreator\gradle\caches\modules-2\files-2.1\commons-codec\commons-codec\1.17.1\973638b7149d333563584137ebf13a691bb60579\commons-codec-1.17.1.jar because it was already located earlier
[30Apr2026 19:10:49.940] [main/DEBUG] [net.neoforged.fml.loading.moddiscovery.ModDiscoverer/]: Skipping C:\Users\lucas\.mcreator\gradle\caches\modules-2\files-2.1\commons-logging\commons-logging\1.3.4\b9fc14968d63a8b8a8a2c1885fe3e90564239708\commons-logging-1.3.4.jar because it was already located earlier
[30Apr2026 19:10:49.941] [main/DEBUG] [net.neoforged.fml.loading.moddiscovery.ModDiscoverer/]: Skipping C:\Users\lucas\.mcreator\gradle\caches\modules-2\files-2.1\io.netty\netty-buffer\4.1.118.Final\7022990af1e0d449f9d5322035899745e19735c5\netty-buffer-4.1.118.Final.jar because it was already located earlier
[30Apr2026 19:10:49.941] [main/DEBUG] [net.neoforged.fml.loading.moddiscovery.ModDiscoverer/]: Skipping C:\Users\lucas\.mcreator\gradle\caches\modules-2\files-2.1\io.netty\netty-codec\4.1.118.Final\307f665c08ce57333121de4f460479fc0c3c94d4\netty-codec-4.1.118.Final.jar because it was already located earlier
[30Apr2026 19:10:49.941] [main/DEBUG] [net.neoforged.fml.loading.moddiscovery.ModDiscoverer/]: Skipping C:\Users\lucas\.mcreator\gradle\caches\modules-2\files-2.1\io.netty\netty-common\4.1.118.Final\4bb0f9899146484fa89f7b9bc27389d5b8e2ecde\netty-common-4.1.118.Final.jar because it was already located earlier
[30Apr2026 19:10:49.942] [main/DEBUG] [net.neoforged.fml.loading.moddiscovery.ModDiscoverer/]: Skipping C:\Users\lucas\.mcreator\gradle\caches\modules-2\files-2.1\io.netty\netty-handler\4.1.118.Final\30ebb05b6b0fb071dbfcf713017c4a767a97bb9b\netty-handler-4.1.118.Final.jar because it was already located earlier
[30Apr2026 19:10:49.942] [main/DEBUG] [net.neoforged.fml.loading.moddiscovery.ModDiscoverer/]: Skipping C:\Users\lucas\.mcreator\gradle\caches\modules-2\files-2.1\io.netty\netty-resolver\4.1.118.Final\28c378c19c1779eca1104b400452627f3ebc4aea\netty-resolver-4.1.118.Final.jar because it was already located earlier
[30Apr2026 19:10:49.942] [main/DEBUG] [net.neoforged.fml.loading.moddiscovery.ModDiscoverer/]: Skipping C:\Users\lucas\.mcreator\gradle\caches\modules-2\files-2.1\io.netty\netty-transport-classes-epoll\4.1.118.Final\376ce95507066f0e755d97c1c8bcd6c33f657617\netty-transport-classes-epoll-4.1.118.Final.jar because it was already located earlier
[30Apr2026 19:10:49.942] [main/DEBUG] [net.neoforged.fml.loading.moddiscovery.ModDiscoverer/]: Skipping C:\Users\lucas\.mcreator\gradle\caches\modules-2\files-2.1\io.netty\netty-transport-native-unix-common\4.1.118.Final\9da25a94e6a0edac90da0bc7894e5a54efcb866b\netty-transport-native-unix-common-4.1.118.Final.jar because it was already located earlier
[30Apr2026 19:10:49.943] [main/DEBUG] [net.neoforged.fml.loading.moddiscovery.ModDiscoverer/]: Skipping C:\Users\lucas\.mcreator\gradle\caches\modules-2\files-2.1\io.netty\netty-transport\4.1.118.Final\5a27232e5d08218722d94ca14f0b1b4576e7711c\netty-transport-4.1.118.Final.jar because it was already located earlier
[30Apr2026 19:10:49.943] [main/DEBUG] [net.neoforged.fml.loading.moddiscovery.ModDiscoverer/]: Skipping C:\Users\lucas\.mcreator\gradle\caches\modules-2\files-2.1\it.unimi.dsi\fastutil\8.5.15\1e885b40c9563ab0d3899b871fd0b30e958705dc\fastutil-8.5.15.jar because it was already located earlier
[30Apr2026 19:10:49.943] [main/DEBUG] [net.neoforged.fml.loading.moddiscovery.ModDiscoverer/]: Skipping C:\Users\lucas\.mcreator\gradle\caches\modules-2\files-2.1\net.java.dev.jna\jna-platform\5.15.0\86b502cad57d45da172b5e3231c537b042e296ef\jna-platform-5.15.0.jar because it was already located earlier
[30Apr2026 19:10:49.943] [main/DEBUG] [net.neoforged.fml.loading.moddiscovery.ModDiscoverer/]: Skipping C:\Users\lucas\.mcreator\gradle\caches\modules-2\files-2.1\net.java.dev.jna\jna\5.15.0\1ee1d80ff44f08280188f7c0e740d57207841ac\jna-5.15.0.jar because it was already located earlier
[30Apr2026 19:10:49.944] [main/DEBUG] [net.neoforged.fml.loading.moddiscovery.ModDiscoverer/]: Skipping C:\Users\lucas\.mcreator\gradle\caches\modules-2\files-2.1\net.minidev\accessors-smart\2.5.1\19b820261eb2e7de7d5bde11d1c06e4501dd7e5f\accessors-smart-2.5.1.jar because it was already located earlier
[30Apr2026 19:10:49.944] [main/DEBUG] [net.neoforged.fml.loading.moddiscovery.ModDiscoverer/]: Skipping C:\Users\lucas\.mcreator\gradle\caches\modules-2\files-2.1\net.minidev\json-smart\2.5.1\4c11d2808d009132dfbbf947ebf37de6bf266c8e\json-smart-2.5.1.jar because it was already located earlier
[30Apr2026 19:10:49.944] [main/DEBUG] [net.neoforged.fml.loading.moddiscovery.ModDiscoverer/]: Skipping C:\Users\lucas\.mcreator\gradle\caches\modules-2\files-2.1\org.apache.commons\commons-compress\1.27.1\a19151084758e2fbb6b41eddaa88e7b8ff4e6599\commons-compress-1.27.1.jar because it was already located earlier
[30Apr2026 19:10:49.945] [main/DEBUG] [net.neoforged.fml.loading.moddiscovery.ModDiscoverer/]: Skipping C:\Users\lucas\.mcreator\gradle\caches\modules-2\files-2.1\org.apache.httpcomponents\httpclient\4.5.14\1194890e6f56ec29177673f2f12d0b8e627dec98\httpclient-4.5.14.jar because it was already located earlier
[30Apr2026 19:10:49.945] [main/DEBUG] [net.neoforged.fml.loading.moddiscovery.ModDiscoverer/]: Skipping C:\Users\lucas\.mcreator\gradle\caches\modules-2\files-2.1\org.apache.httpcomponents\httpcore\4.4.16\51cf043c87253c9f58b539c9f7e44c8894223850\httpcore-4.4.16.jar because it was already located earlier
[30Apr2026 19:10:49.945] [main/DEBUG] [net.neoforged.fml.loading.moddiscovery.ModDiscoverer/]: Skipping C:\Users\lucas\.mcreator\gradle\caches\modules-2\files-2.1\org.jcraft\jorbis\0.0.17\8872d22b293e8f5d7d56ff92be966e6dc28ebdc6\jorbis-0.0.17.jar because it was already located earlier
[30Apr2026 19:10:49.946] [main/DEBUG] [net.neoforged.fml.loading.moddiscovery.ModDiscoverer/]: Skipping C:\Users\lucas\.mcreator\gradle\caches\modules-2\files-2.1\org.joml\joml\1.10.8\fc0a71dad90a2cf41d82a76156a0e700af8e4f8d\joml-1.10.8.jar because it was already located earlier
[30Apr2026 19:10:49.946] [main/DEBUG] [net.neoforged.fml.loading.moddiscovery.ModDiscoverer/]: Skipping C:\Users\lucas\.mcreator\gradle\caches\modules-2\files-2.1\org.lwjgl\lwjgl-freetype\3.3.3\a0db6c84a8becc8ca05f9dbfa985edc348a824c7\lwjgl-freetype-3.3.3.jar because it was already located earlier
[30Apr2026 19:10:49.955] [main/DEBUG] [net.neoforged.fml.loading.moddiscovery.ModDiscoverer/]: Skipping C:\Users\lucas\.mcreator\gradle\caches\modules-2\files-2.1\org.lwjgl\lwjgl-freetype\3.3.3\15a8c1de7f51d07a92eae7ce1222557073a0c0c3\lwjgl-freetype-3.3.3-natives-windows-x86.jar because it was already located earlier
[30Apr2026 19:10:49.955] [main/DEBUG] [net.neoforged.fml.loading.moddiscovery.ModDiscoverer/]: Skipping C:\Users\lucas\.mcreator\gradle\caches\modules-2\files-2.1\org.lwjgl\lwjgl-glfw\3.3.3\efa1eb78c5ccd840e9f329717109b5e892d72f8e\lwjgl-glfw-3.3.3.jar because it was already located earlier
[30Apr2026 19:10:49.963] [main/DEBUG] [net.neoforged.fml.loading.moddiscovery.ModDiscoverer/]: Skipping C:\Users\lucas\.mcreator\gradle\caches\modules-2\files-2.1\org.lwjgl\lwjgl-glfw\3.3.3\32334f3fd5270a59bad9939a93115acb6de36dcf\lwjgl-glfw-3.3.3-natives-windows-x86.jar because it was already located earlier
[30Apr2026 19:10:49.963] [main/DEBUG] [net.neoforged.fml.loading.moddiscovery.ModDiscoverer/]: Skipping C:\Users\lucas\.mcreator\gradle\caches\modules-2\files-2.1\org.lwjgl\lwjgl-jemalloc\3.3.3\b543467b7ff3c6920539a88ee602d34098628be5\lwjgl-jemalloc-3.3.3.jar because it was already located earlier
[30Apr2026 19:10:49.963] [main/DEBUG] [net.neoforged.fml.loading.moddiscovery.ModDiscoverer/]: Skipping C:\Users\lucas\.mcreator\gradle\caches\modules-2\files-2.1\org.lwjgl\lwjgl-jemalloc\3.3.3\426222fc027602a5f21b9c0fe79cde6a4c7a011f\lwjgl-jemalloc-3.3.3-natives-windows.jar because it was already located earlier
[30Apr2026 19:10:49.971] [main/DEBUG] [net.neoforged.fml.loading.moddiscovery.ModDiscoverer/]: Skipping C:\Users\lucas\.mcreator\gradle\caches\modules-2\files-2.1\org.lwjgl\lwjgl-openal\3.3.3\daada81ceb5fc0c291fbfdd4433cb8d9423577f2\lwjgl-openal-3.3.3.jar because it was already located earlier
[30Apr2026 19:10:49.978] [main/DEBUG] [net.neoforged.fml.loading.moddiscovery.ModDiscoverer/]: Skipping C:\Users\lucas\.mcreator\gradle\caches\modules-2\files-2.1\org.lwjgl\lwjgl-openal\3.3.3\87b8d5050e3adb46bb58fe1cb2669a4a48fce10d\lwjgl-openal-3.3.3-natives-windows-x86.jar because it was already located earlier
[30Apr2026 19:10:49.979] [main/DEBUG] [net.neoforged.fml.loading.moddiscovery.ModDiscoverer/]: Skipping C:\Users\lucas\.mcreator\gradle\caches\modules-2\files-2.1\org.lwjgl\lwjgl-opengl\3.3.3\2f6b0147078396a58979125a4c947664e98293a\lwjgl-opengl-3.3.3.jar because it was already located earlier
[30Apr2026 19:10:49.984] [main/DEBUG] [net.neoforged.fml.loading.moddiscovery.ModDiscoverer/]: Skipping C:\Users\lucas\.mcreator\gradle\caches\modules-2\files-2.1\org.lwjgl\lwjgl-opengl\3.3.3\65e956d3735a1abdc82eff4baec1b61174697d4b\lwjgl-opengl-3.3.3-natives-windows-arm64.jar because it was already located earlier
[30Apr2026 19:10:49.988] [main/DEBUG] [net.neoforged.fml.loading.moddiscovery.ModDiscoverer/]: Skipping C:\Users\lucas\.mcreator\gradle\caches\modules-2\files-2.1\org.lwjgl\lwjgl-stb\3.3.3\25dd6161988d7e65f71d5065c99902402ee32746\lwjgl-stb-3.3.3.jar because it was already located earlier
[30Apr2026 19:10:49.989] [main/DEBUG] [net.neoforged.fml.loading.moddiscovery.ModDiscoverer/]: Skipping C:\Users\lucas\.mcreator\gradle\caches\modules-2\files-2.1\org.lwjgl\lwjgl-stb\3.3.3\1d9facdf6541de114b0f963be33505b7679c78cb\lwjgl-stb-3.3.3-natives-windows.jar because it was already located earlier
[30Apr2026 19:10:49.997] [main/DEBUG] [net.neoforged.fml.loading.moddiscovery.ModDiscoverer/]: Skipping C:\Users\lucas\.mcreator\gradle\caches\modules-2\files-2.1\org.lwjgl\lwjgl-tinyfd\3.3.3\82d755ca94b102e9ca77283b9e2dc46d1b15fbe5\lwjgl-tinyfd-3.3.3.jar because it was already located earlier
[30Apr2026 19:10:49.997] [main/DEBUG] [net.neoforged.fml.loading.moddiscovery.ModDiscoverer/]: Skipping C:\Users\lucas\.mcreator\gradle\caches\modules-2\files-2.1\org.lwjgl\lwjgl-tinyfd\3.3.3\a6697981b0449a5087c1d546fc08b4f73e8f98c9\lwjgl-tinyfd-3.3.3-natives-windows.jar because it was already located earlier
[30Apr2026 19:10:50.009] [main/DEBUG] [net.neoforged.fml.loading.moddiscovery.ModDiscoverer/]: Skipping C:\Users\lucas\.mcreator\gradle\caches\modules-2\files-2.1\org.lwjgl\lwjgl\3.3.3\29589b5f87ed335a6c7e7ee6a5775f81f97ecb84\lwjgl-3.3.3.jar because it was already located earlier
[30Apr2026 19:10:50.020] [main/DEBUG] [net.neoforged.fml.loading.moddiscovery.ModDiscoverer/]: Skipping C:\Users\lucas\.mcreator\gradle\caches\modules-2\files-2.1\org.lwjgl\lwjgl\3.3.3\9e670718e050aeaeea0c2d5b907cffb142f2e58f\lwjgl-3.3.3-natives-windows-x86.jar because it was already located earlier
[30Apr2026 19:10:50.020] [main/DEBUG] [net.neoforged.fml.loading.moddiscovery.ModDiscoverer/]: Skipping C:\Users\lucas\.mcreator\gradle\caches\modules-2\files-2.1\org.lz4\lz4-java\1.8.0\4b986a99445e49ea5fbf5d149c4b63f6ed6c6780\lz4-java-1.8.0.jar because it was already located earlier
[30Apr2026 19:10:50.023] [main/DEBUG] [net.neoforged.fml.loading.UniqueModListBuilder/]: Found 2 mods for first modid neoforge, selecting most recent based on version data
[30Apr2026 19:10:50.024] [main/DEBUG] [net.neoforged.fml.loading.UniqueModListBuilder/]: Selected file neoforge-21.8.31.jar for modid neoforge with version 21.8.31
[30Apr2026 19:10:50.122] [main/INFO] [net.neoforged.fml.loading.moddiscovery.locators.JarInJarDependencyLocator/]: Found 2 dependencies adding them to mods collection
[30Apr2026 19:10:50.126] [main/INFO] [net.neoforged.fml.loading.moddiscovery.ModDiscoverer/]: 
     Mod List:
		Name Version (Mod Id)

		Minecraft 1.21.8 (minecraft)
		NeoForge 21.8.31 (neoforge)
		Shellatol's first mod 1.0.0 (modshellatol)
[30Apr2026 19:10:50.128] [main/DEBUG] [net.neoforged.fml.loading.moddiscovery.ModFileInfo/LOADING]: Found valid mod file neoforge-21.8.31.jar with {minecraft} mods - versions {1.21.8}
[30Apr2026 19:10:50.131] [main/DEBUG] [net.neoforged.fml.loading.moddiscovery.ModFile/LOADING]: Loading mod file C:\Users\lucas\MCreatorWorkspaces\modshellatol\build\moddev\artifacts\neoforge-21.8.31.jar with languages [LanguageSpec[languageName=minecraft, acceptedVersions=1]]
[30Apr2026 19:10:50.133] [main/DEBUG] [net.neoforged.fml.loading.moddiscovery.ModFileParser/LOADING]: Considering mod file candidate C:\Users\lucas\MCreatorWorkspaces\modshellatol\build\classes\java\main
[30Apr2026 19:10:50.137] [main/DEBUG] [net.neoforged.fml.loading.moddiscovery.ModFileInfo/LOADING]: Found valid mod file main with {modshellatol} mods - versions {1.0.0}
[30Apr2026 19:10:50.137] [main/DEBUG] [net.neoforged.fml.loading.moddiscovery.ModFile/LOADING]: Loading mod file C:\Users\lucas\MCreatorWorkspaces\modshellatol\build\classes\java\main with languages [LanguageSpec[languageName=javafml, acceptedVersions=[4,)]]
[30Apr2026 19:10:50.139] [main/DEBUG] [net.neoforged.fml.loading.moddiscovery.ModFile/LOADING]: Found mixin config MixinConfig[config=modshellatol.mixins.json, requiredMods=[]]
[30Apr2026 19:10:50.140] [main/DEBUG] [net.neoforged.fml.loading.moddiscovery.ModFileParser/LOADING]: Considering mod file candidate C:\Users\lucas\MCreatorWorkspaces\modshellatol\build\moddev\artifacts\neoforge-21.8.31.jar
[30Apr2026 19:10:50.143] [main/DEBUG] [net.neoforged.fml.loading.moddiscovery.ModFileInfo/LOADING]: Found valid mod file neoforge-21.8.31.jar with {neoforge} mods - versions {21.8.31}
[30Apr2026 19:10:50.144] [main/DEBUG] [net.neoforged.fml.loading.moddiscovery.ModFile/LOADING]: Loading mod file C:\Users\lucas\MCreatorWorkspaces\modshellatol\build\moddev\artifacts\neoforge-21.8.31.jar with languages [LanguageSpec[languageName=javafml, acceptedVersions=[3,]]]
[30Apr2026 19:10:50.144] [main/DEBUG] [net.neoforged.fml.loading.moddiscovery.ModFile/LOADING]: Found mixin config MixinConfig[config=neoforge.mixins.json, requiredMods=[]]
[30Apr2026 19:10:50.145] [main/DEBUG] [net.neoforged.fml.loading.moddiscovery.ModFile/LOADING]: Loading mod file  with languages []
[30Apr2026 19:10:50.147] [main/DEBUG] [cpw.mods.modlauncher.TransformationServiceDecorator/MODLAUNCHER]: End scan trigger - transformation service fml
[30Apr2026 19:10:50.163] [main/DEBUG] [net.neoforged.fml.util.ServiceLoaderUtil/CORE]: Found 2 implementations of IModLanguageLoader:
[30Apr2026 19:10:50.164] [main/DEBUG] [net.neoforged.fml.util.ServiceLoaderUtil/CORE]: 	net.neoforged.fml.javafmlmod.FMLJavaModLanguageProvider from loader-9.0.16.jar
[30Apr2026 19:10:50.164] [main/DEBUG] [net.neoforged.fml.util.ServiceLoaderUtil/CORE]: 	net.neoforged.fml.mclanguageprovider.MinecraftModLanguageProvider from loader-9.0.16.jar
[30Apr2026 19:10:50.165] [main/DEBUG] [net.neoforged.fml.loading.LanguageProviderLoader/CORE]: Found language provider javafml, version 9.0.16
[30Apr2026 19:10:50.166] [main/DEBUG] [net.neoforged.fml.loading.LanguageProviderLoader/CORE]: Found language provider minecraft, version 9.0.16
[30Apr2026 19:10:50.173] [main/DEBUG] [net.neoforged.fml.loading.ModSorter/]: Configured system mods: [minecraft, neoforge]
[30Apr2026 19:10:50.174] [main/DEBUG] [net.neoforged.fml.loading.ModSorter/]: Found system mod: minecraft
[30Apr2026 19:10:50.174] [main/DEBUG] [net.neoforged.fml.loading.ModSorter/]: Found system mod: neoforge
[30Apr2026 19:10:50.176] [main/DEBUG] [net.neoforged.fml.loading.ModSorter/LOADING]: Found 2 mod requirements (2 mandatory, 0 optional)
[30Apr2026 19:10:50.178] [main/DEBUG] [net.neoforged.fml.loading.ModSorter/LOADING]: Found 0 mod requirements missing (0 mandatory, 0 optional)
[30Apr2026 19:10:50.253] [main/DEBUG] [mixin/]: Adding mixin platform agents for container net.neoforged.fml.loading.mixin.FMLMixinContainerHandle@12f8b1d8
[30Apr2026 19:10:50.254] [main/DEBUG] [mixin/]: Instancing new MixinPlatformAgentMinecraftForge for net.neoforged.fml.loading.mixin.FMLMixinContainerHandle@12f8b1d8
[30Apr2026 19:10:50.254] [main/DEBUG] [mixin/]: MixinPlatformAgentMinecraftForge rejected container net.neoforged.fml.loading.mixin.FMLMixinContainerHandle@12f8b1d8
[30Apr2026 19:10:50.254] [main/DEBUG] [mixin/]: Instancing new MixinPlatformAgentDefault for net.neoforged.fml.loading.mixin.FMLMixinContainerHandle@12f8b1d8
[30Apr2026 19:10:50.254] [main/DEBUG] [mixin/]: MixinPlatformAgentDefault accepted container net.neoforged.fml.loading.mixin.FMLMixinContainerHandle@12f8b1d8
[30Apr2026 19:10:50.255] [main/DEBUG] [mixin/]: Instancing new FMLMixinPlatformAgent for net.neoforged.fml.loading.mixin.FMLMixinContainerHandle@12f8b1d8
[30Apr2026 19:10:50.255] [main/DEBUG] [mixin/]: FMLMixinPlatformAgent accepted container net.neoforged.fml.loading.mixin.FMLMixinContainerHandle@12f8b1d8
[30Apr2026 19:10:50.264] [main/DEBUG] [cpw.mods.modlauncher.TransformationServicesHandler/MODLAUNCHER]: Transformation services loading transformers
[30Apr2026 19:10:50.265] [main/DEBUG] [cpw.mods.modlauncher.TransformationServiceDecorator/MODLAUNCHER]: Initializing transformers for transformation service mixin
[30Apr2026 19:10:50.266] [main/DEBUG] [cpw.mods.modlauncher.TransformationServiceDecorator/MODLAUNCHER]: Initialized transformers for transformation service mixin
[30Apr2026 19:10:50.266] [main/DEBUG] [cpw.mods.modlauncher.TransformationServiceDecorator/MODLAUNCHER]: Initializing transformers for transformation service fml
[30Apr2026 19:10:50.266] [main/DEBUG] [net.neoforged.fml.loading.FMLServiceProvider/LOADING]: Loading coremod transformers
[30Apr2026 19:10:50.269] [main/DEBUG] [net.neoforged.fml.util.ServiceLoaderUtil/CORE]: Found 1 implementations of ICoreMod:
[30Apr2026 19:10:50.270] [main/DEBUG] [net.neoforged.fml.util.ServiceLoaderUtil/CORE]: 	net.neoforged.neoforge.coremods.NeoForgeCoreMod from neoforge-21.8.31.jar > net.neoforged.neoforge-coremods-21.8.31.jar
[30Apr2026 19:10:50.277] [main/DEBUG] [net.neoforged.fml.loading.FMLServiceProvider/CORE]: Adding [Target[className=net.minecraft.world.level.biome.Biome, elementName=, elementDescriptor=, targetType=cpw.mods.modlauncher.api.TargetType@52de51b6]] transformer from core-mod net.neoforged.neoforge.coremods.NeoForgeCoreMod@746b18fd in neoforge-21.8.31.jar > net.neoforged.neoforge-coremods-21.8.31.jar
[30Apr2026 19:10:50.278] [main/DEBUG] [net.neoforged.fml.loading.FMLServiceProvider/CORE]: Adding [Target[className=net.minecraft.world.level.levelgen.structure.Structure, elementName=, elementDescriptor=, targetType=cpw.mods.modlauncher.api.TargetType@52de51b6]] transformer from core-mod net.neoforged.neoforge.coremods.NeoForgeCoreMod@746b18fd in neoforge-21.8.31.jar > net.neoforged.neoforge-coremods-21.8.31.jar
[30Apr2026 19:10:50.278] [main/DEBUG] [net.neoforged.fml.loading.FMLServiceProvider/CORE]: Adding [Target[className=net.minecraft.world.level.block.FlowerPotBlock, elementName=, elementDescriptor=, targetType=cpw.mods.modlauncher.api.TargetType@52de51b6]] transformer from core-mod net.neoforged.neoforge.coremods.NeoForgeCoreMod@746b18fd in neoforge-21.8.31.jar > net.neoforged.neoforge-coremods-21.8.31.jar
[30Apr2026 19:10:50.279] [main/DEBUG] [net.neoforged.fml.loading.FMLServiceProvider/CORE]: Adding [Target[className=net/minecraft/server/commands/SummonCommand, elementName=, elementDescriptor=, targetType=cpw.mods.modlauncher.api.TargetType@52de51b6], Target[className=net/minecraft/world/entity/npc/CatSpawner, elementName=, elementDescriptor=, targetType=cpw.mods.modlauncher.api.TargetType@52de51b6], Target[className=net/minecraft/world/entity/npc/Villager, elementName=, elementDescriptor=, targetType=cpw.mods.modlauncher.api.TargetType@52de51b6], Target[className=net/minecraft/world/level/levelgen/PhantomSpawner, elementName=, elementDescriptor=, targetType=cpw.mods.modlauncher.api.TargetType@52de51b6], Target[className=net/minecraft/world/level/levelgen/structure/structures/WoodlandMansionPieces$WoodlandMansionPiece, elementName=, elementDescriptor=, targetType=cpw.mods.modlauncher.api.TargetType@52de51b6], Target[className=net/minecraft/world/entity/EntityType, elementName=, elementDescriptor=, targetType=cpw.mods.modlauncher.api.TargetType@52de51b6], Target[className=net/minecraft/world/entity/monster/Strider, elementName=, elementDescriptor=, targetType=cpw.mods.modlauncher.api.TargetType@52de51b6], Target[className=net/minecraft/world/entity/animal/horse/SkeletonTrapGoal, elementName=, elementDescriptor=, targetType=cpw.mods.modlauncher.api.TargetType@52de51b6], Target[className=net/minecraft/world/level/levelgen/structure/structures/OceanRuinPieces$OceanRuinPiece, elementName=, elementDescriptor=, targetType=cpw.mods.modlauncher.api.TargetType@52de51b6], Target[className=net/minecraft/world/level/levelgen/PatrolSpawner, elementName=, elementDescriptor=, targetType=cpw.mods.modlauncher.api.TargetType@52de51b6], Target[className=net/minecraft/world/entity/ai/village/VillageSiege, elementName=, elementDescriptor=, targetType=cpw.mods.modlauncher.api.TargetType@52de51b6], Target[className=net/minecraft/world/level/levelgen/structure/templatesystem/StructureTemplate, elementName=, elementDescriptor=, targetType=cpw.mods.modlauncher.api.TargetType@52de51b6], Target[className=net/minecraft/world/entity/monster/Evoker$EvokerSummonSpellGoal, elementName=, elementDescriptor=, targetType=cpw.mods.modlauncher.api.TargetType@52de51b6], Target[className=net/minecraft/world/level/levelgen/structure/structures/SwampHutPiece, elementName=, elementDescriptor=, targetType=cpw.mods.modlauncher.api.TargetType@52de51b6], Target[className=net/minecraft/server/commands/RaidCommand, elementName=, elementDescriptor=, targetType=cpw.mods.modlauncher.api.TargetType@52de51b6], Target[className=net/minecraft/world/entity/animal/frog/Tadpole, elementName=, elementDescriptor=, targetType=cpw.mods.modlauncher.api.TargetType@52de51b6], Target[className=net/minecraft/world/entity/monster/Zombie, elementName=, elementDescriptor=, targetType=cpw.mods.modlauncher.api.TargetType@52de51b6], Target[className=net/minecraft/world/entity/raid/Raid, elementName=, elementDescriptor=, targetType=cpw.mods.modlauncher.api.TargetType@52de51b6], Target[className=net/minecraft/world/level/NaturalSpawner, elementName=, elementDescriptor=, targetType=cpw.mods.modlauncher.api.TargetType@52de51b6], Target[className=net/minecraft/world/entity/monster/ZombieVillager, elementName=, elementDescriptor=, targetType=cpw.mods.modlauncher.api.TargetType@52de51b6], Target[className=net/minecraft/world/entity/monster/Spider, elementName=, elementDescriptor=, targetType=cpw.mods.modlauncher.api.TargetType@52de51b6], Target[className=net/minecraft/world/level/levelgen/structure/structures/OceanMonumentPieces$OceanMonumentPiece, elementName=, elementDescriptor=, targetType=cpw.mods.modlauncher.api.TargetType@52de51b6]] transformer from core-mod net.neoforged.neoforge.coremods.NeoForgeCoreMod@746b18fd in neoforge-21.8.31.jar > net.neoforged.neoforge-coremods-21.8.31.jar
[30Apr2026 19:10:50.283] [main/DEBUG] [cpw.mods.modlauncher.TransformStore/MODLAUNCHER]: Adding transformer net.neoforged.neoforge.coremods.ReplaceFieldWithGetterAccess@74ad8d05 to Target : cpw.mods.modlauncher.api.TargetType@52de51b6 {Lnet/minecraft/world/level/biome/Biome;} {} {V}
[30Apr2026 19:10:50.285] [main/DEBUG] [cpw.mods.modlauncher.TransformStore/MODLAUNCHER]: Adding transformer net.neoforged.neoforge.coremods.ReplaceFieldWithGetterAccess@16c8b7bd to Target : cpw.mods.modlauncher.api.TargetType@52de51b6 {Lnet/minecraft/world/level/levelgen/structure/Structure;} {} {V}
[30Apr2026 19:10:50.285] [main/DEBUG] [cpw.mods.modlauncher.TransformStore/MODLAUNCHER]: Adding transformer net.neoforged.neoforge.coremods.ReplaceFieldWithGetterAccess@7159139f to Target : cpw.mods.modlauncher.api.TargetType@52de51b6 {Lnet/minecraft/world/level/block/FlowerPotBlock;} {} {V}
[30Apr2026 19:10:50.286] [main/DEBUG] [cpw.mods.modlauncher.TransformStore/MODLAUNCHER]: Adding transformer net.neoforged.neoforge.coremods.MethodRedirector@65bcf7c2 to Target : cpw.mods.modlauncher.api.TargetType@52de51b6 {Lnet/minecraft/server/commands/SummonCommand;} {} {V}
[30Apr2026 19:10:50.286] [main/DEBUG] [cpw.mods.modlauncher.TransformStore/MODLAUNCHER]: Adding transformer net.neoforged.neoforge.coremods.MethodRedirector@65bcf7c2 to Target : cpw.mods.modlauncher.api.TargetType@52de51b6 {Lnet/minecraft/world/entity/npc/CatSpawner;} {} {V}
[30Apr2026 19:10:50.287] [main/DEBUG] [cpw.mods.modlauncher.TransformStore/MODLAUNCHER]: Adding transformer net.neoforged.neoforge.coremods.MethodRedirector@65bcf7c2 to Target : cpw.mods.modlauncher.api.TargetType@52de51b6 {Lnet/minecraft/world/entity/npc/Villager;} {} {V}
[30Apr2026 19:10:50.287] [main/DEBUG] [cpw.mods.modlauncher.TransformStore/MODLAUNCHER]: Adding transformer net.neoforged.neoforge.coremods.MethodRedirector@65bcf7c2 to Target : cpw.mods.modlauncher.api.TargetType@52de51b6 {Lnet/minecraft/world/level/levelgen/PhantomSpawner;} {} {V}
[30Apr2026 19:10:50.288] [main/DEBUG] [cpw.mods.modlauncher.TransformStore/MODLAUNCHER]: Adding transformer net.neoforged.neoforge.coremods.MethodRedirector@65bcf7c2 to Target : cpw.mods.modlauncher.api.TargetType@52de51b6 {Lnet/minecraft/world/level/levelgen/structure/structures/WoodlandMansionPieces$WoodlandMansionPiece;} {} {V}
[30Apr2026 19:10:50.288] [main/DEBUG] [cpw.mods.modlauncher.TransformStore/MODLAUNCHER]: Adding transformer net.neoforged.neoforge.coremods.MethodRedirector@65bcf7c2 to Target : cpw.mods.modlauncher.api.TargetType@52de51b6 {Lnet/minecraft/world/entity/EntityType;} {} {V}
[30Apr2026 19:10:50.289] [main/DEBUG] [cpw.mods.modlauncher.TransformStore/MODLAUNCHER]: Adding transformer net.neoforged.neoforge.coremods.MethodRedirector@65bcf7c2 to Target : cpw.mods.modlauncher.api.TargetType@52de51b6 {Lnet/minecraft/world/entity/monster/Strider;} {} {V}
[30Apr2026 19:10:50.289] [main/DEBUG] [cpw.mods.modlauncher.TransformStore/MODLAUNCHER]: Adding transformer net.neoforged.neoforge.coremods.MethodRedirector@65bcf7c2 to Target : cpw.mods.modlauncher.api.TargetType@52de51b6 {Lnet/minecraft/world/entity/animal/horse/SkeletonTrapGoal;} {} {V}
[30Apr2026 19:10:50.290] [main/DEBUG] [cpw.mods.modlauncher.TransformStore/MODLAUNCHER]: Adding transformer net.neoforged.neoforge.coremods.MethodRedirector@65bcf7c2 to Target : cpw.mods.modlauncher.api.TargetType@52de51b6 {Lnet/minecraft/world/level/levelgen/structure/structures/OceanRuinPieces$OceanRuinPiece;} {} {V}
[30Apr2026 19:10:50.290] [main/DEBUG] [cpw.mods.modlauncher.TransformStore/MODLAUNCHER]: Adding transformer net.neoforged.neoforge.coremods.MethodRedirector@65bcf7c2 to Target : cpw.mods.modlauncher.api.TargetType@52de51b6 {Lnet/minecraft/world/level/levelgen/PatrolSpawner;} {} {V}
[30Apr2026 19:10:50.291] [main/DEBUG] [cpw.mods.modlauncher.TransformStore/MODLAUNCHER]: Adding transformer net.neoforged.neoforge.coremods.MethodRedirector@65bcf7c2 to Target : cpw.mods.modlauncher.api.TargetType@52de51b6 {Lnet/minecraft/world/entity/ai/village/VillageSiege;} {} {V}
[30Apr2026 19:10:50.292] [main/DEBUG] [cpw.mods.modlauncher.TransformStore/MODLAUNCHER]: Adding transformer net.neoforged.neoforge.coremods.MethodRedirector@65bcf7c2 to Target : cpw.mods.modlauncher.api.TargetType@52de51b6 {Lnet/minecraft/world/level/levelgen/structure/templatesystem/StructureTemplate;} {} {V}
[30Apr2026 19:10:50.292] [main/DEBUG] [cpw.mods.modlauncher.TransformStore/MODLAUNCHER]: Adding transformer net.neoforged.neoforge.coremods.MethodRedirector@65bcf7c2 to Target : cpw.mods.modlauncher.api.TargetType@52de51b6 {Lnet/minecraft/world/entity/monster/Evoker$EvokerSummonSpellGoal;} {} {V}
[30Apr2026 19:10:50.293] [main/DEBUG] [cpw.mods.modlauncher.TransformStore/MODLAUNCHER]: Adding transformer net.neoforged.neoforge.coremods.MethodRedirector@65bcf7c2 to Target : cpw.mods.modlauncher.api.TargetType@52de51b6 {Lnet/minecraft/world/level/levelgen/structure/structures/SwampHutPiece;} {} {V}
[30Apr2026 19:10:50.293] [main/DEBUG] [cpw.mods.modlauncher.TransformStore/MODLAUNCHER]: Adding transformer net.neoforged.neoforge.coremods.MethodRedirector@65bcf7c2 to Target : cpw.mods.modlauncher.api.TargetType@52de51b6 {Lnet/minecraft/server/commands/RaidCommand;} {} {V}
[30Apr2026 19:10:50.294] [main/DEBUG] [cpw.mods.modlauncher.TransformStore/MODLAUNCHER]: Adding transformer net.neoforged.neoforge.coremods.MethodRedirector@65bcf7c2 to Target : cpw.mods.modlauncher.api.TargetType@52de51b6 {Lnet/minecraft/world/entity/animal/frog/Tadpole;} {} {V}
[30Apr2026 19:10:50.294] [main/DEBUG] [cpw.mods.modlauncher.TransformStore/MODLAUNCHER]: Adding transformer net.neoforged.neoforge.coremods.MethodRedirector@65bcf7c2 to Target : cpw.mods.modlauncher.api.TargetType@52de51b6 {Lnet/minecraft/world/entity/monster/Zombie;} {} {V}
[30Apr2026 19:10:50.295] [main/DEBUG] [cpw.mods.modlauncher.TransformStore/MODLAUNCHER]: Adding transformer net.neoforged.neoforge.coremods.MethodRedirector@65bcf7c2 to Target : cpw.mods.modlauncher.api.TargetType@52de51b6 {Lnet/minecraft/world/entity/raid/Raid;} {} {V}
[30Apr2026 19:10:50.295] [main/DEBUG] [cpw.mods.modlauncher.TransformStore/MODLAUNCHER]: Adding transformer net.neoforged.neoforge.coremods.MethodRedirector@65bcf7c2 to Target : cpw.mods.modlauncher.api.TargetType@52de51b6 {Lnet/minecraft/world/level/NaturalSpawner;} {} {V}
[30Apr2026 19:10:50.297] [main/DEBUG] [cpw.mods.modlauncher.TransformStore/MODLAUNCHER]: Adding transformer net.neoforged.neoforge.coremods.MethodRedirector@65bcf7c2 to Target : cpw.mods.modlauncher.api.TargetType@52de51b6 {Lnet/minecraft/world/entity/monster/ZombieVillager;} {} {V}
[30Apr2026 19:10:50.297] [main/DEBUG] [cpw.mods.modlauncher.TransformStore/MODLAUNCHER]: Adding transformer net.neoforged.neoforge.coremods.MethodRedirector@65bcf7c2 to Target : cpw.mods.modlauncher.api.TargetType@52de51b6 {Lnet/minecraft/world/entity/monster/Spider;} {} {V}
[30Apr2026 19:10:50.298] [main/DEBUG] [cpw.mods.modlauncher.TransformStore/MODLAUNCHER]: Adding transformer net.neoforged.neoforge.coremods.MethodRedirector@65bcf7c2 to Target : cpw.mods.modlauncher.api.TargetType@52de51b6 {Lnet/minecraft/world/level/levelgen/structure/structures/OceanMonumentPieces$OceanMonumentPiece;} {} {V}
[30Apr2026 19:10:50.298] [main/DEBUG] [cpw.mods.modlauncher.TransformationServiceDecorator/MODLAUNCHER]: Initialized transformers for transformation service fml
[30Apr2026 19:10:51.039] [main/DEBUG] [mixin/]: Processing prepare() for PlatformAgent[MixinPlatformAgentDefault:ModLauncher Root Container(ModLauncher:4f56a0a2)]
[30Apr2026 19:10:51.039] [main/DEBUG] [mixin/]: Processing prepare() for PlatformAgent[MixinPlatformAgentDefault:net.neoforged.fml.loading.mixin.FMLMixinContainerHandle@12f8b1d8]
[30Apr2026 19:10:51.039] [main/DEBUG] [mixin/]: Processing prepare() for PlatformAgent[FMLMixinPlatformAgent:null]
[30Apr2026 19:10:51.105] [main/DEBUG] [mixin/]: Compatibility level JAVA_21 specified by modshellatol.mixins.json is higher than the maximum level supported by this version of mixin (JAVA_13).
[30Apr2026 19:10:51.110] [main/INFO] [mixin/]: Compatibility level set to JAVA_21
[30Apr2026 19:10:51.112] [main/DEBUG] [mixin/]: Processing launch tasks for PlatformAgent[MixinPlatformAgentDefault:ModLauncher Root Container(ModLauncher:4f56a0a2)]
[30Apr2026 19:10:51.112] [main/DEBUG] [mixin/]: Adding mixin platform agents for container SecureJarResource(mixin_synthetic)
[30Apr2026 19:10:51.113] [main/DEBUG] [mixin/]: Instancing new MixinPlatformAgentMinecraftForge for SecureJarResource(mixin_synthetic)
[30Apr2026 19:10:51.114] [main/DEBUG] [mixin/]: MixinPlatformAgentMinecraftForge rejected container SecureJarResource(mixin_synthetic)
[30Apr2026 19:10:51.114] [main/DEBUG] [mixin/]: Instancing new MixinPlatformAgentDefault for SecureJarResource(mixin_synthetic)
[30Apr2026 19:10:51.115] [main/DEBUG] [mixin/]: MixinPlatformAgentDefault accepted container SecureJarResource(mixin_synthetic)
[30Apr2026 19:10:51.115] [main/DEBUG] [mixin/]: Instancing new FMLMixinPlatformAgent for SecureJarResource(mixin_synthetic)
[30Apr2026 19:10:51.116] [main/DEBUG] [mixin/]: FMLMixinPlatformAgent rejected container SecureJarResource(mixin_synthetic)
[30Apr2026 19:10:51.117] [main/DEBUG] [mixin/]: Processing prepare() for PlatformAgent[MixinPlatformAgentDefault:SecureJarResource(mixin_synthetic)]
[30Apr2026 19:10:51.117] [main/DEBUG] [mixin/]: Adding mixin platform agents for container SecureJarResource(minecraft)
[30Apr2026 19:10:51.118] [main/DEBUG] [mixin/]: Instancing new MixinPlatformAgentMinecraftForge for SecureJarResource(minecraft)
[30Apr2026 19:10:51.118] [main/DEBUG] [mixin/]: MixinPlatformAgentMinecraftForge rejected container SecureJarResource(minecraft)
[30Apr2026 19:10:51.118] [main/DEBUG] [mixin/]: Instancing new MixinPlatformAgentDefault for SecureJarResource(minecraft)
[30Apr2026 19:10:51.118] [main/DEBUG] [mixin/]: MixinPlatformAgentDefault accepted container SecureJarResource(minecraft)
[30Apr2026 19:10:51.118] [main/DEBUG] [mixin/]: Instancing new FMLMixinPlatformAgent for SecureJarResource(minecraft)
[30Apr2026 19:10:51.119] [main/DEBUG] [mixin/]: FMLMixinPlatformAgent rejected container SecureJarResource(minecraft)
[30Apr2026 19:10:51.119] [main/DEBUG] [mixin/]: Processing prepare() for PlatformAgent[MixinPlatformAgentDefault:SecureJarResource(minecraft)]
[30Apr2026 19:10:51.119] [main/DEBUG] [mixin/]: Adding mixin platform agents for container SecureJarResource(modshellatol)
[30Apr2026 19:10:51.119] [main/DEBUG] [mixin/]: Instancing new MixinPlatformAgentMinecraftForge for SecureJarResource(modshellatol)
[30Apr2026 19:10:51.119] [main/DEBUG] [mixin/]: MixinPlatformAgentMinecraftForge rejected container SecureJarResource(modshellatol)
[30Apr2026 19:10:51.120] [main/DEBUG] [mixin/]: Instancing new MixinPlatformAgentDefault for SecureJarResource(modshellatol)
[30Apr2026 19:10:51.120] [main/DEBUG] [mixin/]: MixinPlatformAgentDefault accepted container SecureJarResource(modshellatol)
[30Apr2026 19:10:51.121] [main/DEBUG] [mixin/]: Instancing new FMLMixinPlatformAgent for SecureJarResource(modshellatol)
[30Apr2026 19:10:51.121] [main/DEBUG] [mixin/]: FMLMixinPlatformAgent rejected container SecureJarResource(modshellatol)
[30Apr2026 19:10:51.121] [main/DEBUG] [mixin/]: Processing prepare() for PlatformAgent[MixinPlatformAgentDefault:SecureJarResource(modshellatol)]
[30Apr2026 19:10:51.122] [main/DEBUG] [mixin/]: Adding mixin platform agents for container SecureJarResource(mixinextras.neoforge)
[30Apr2026 19:10:51.122] [main/DEBUG] [mixin/]: Instancing new MixinPlatformAgentMinecraftForge for SecureJarResource(mixinextras.neoforge)
[30Apr2026 19:10:51.122] [main/DEBUG] [mixin/]: MixinPlatformAgentMinecraftForge rejected container SecureJarResource(mixinextras.neoforge)
[30Apr2026 19:10:51.122] [main/DEBUG] [mixin/]: Instancing new MixinPlatformAgentDefault for SecureJarResource(mixinextras.neoforge)
[30Apr2026 19:10:51.122] [main/DEBUG] [mixin/]: MixinPlatformAgentDefault accepted container SecureJarResource(mixinextras.neoforge)
[30Apr2026 19:10:51.122] [main/DEBUG] [mixin/]: Instancing new FMLMixinPlatformAgent for SecureJarResource(mixinextras.neoforge)
[30Apr2026 19:10:51.122] [main/DEBUG] [mixin/]: FMLMixinPlatformAgent rejected container SecureJarResource(mixinextras.neoforge)
[30Apr2026 19:10:51.122] [main/DEBUG] [mixin/]: Processing prepare() for PlatformAgent[MixinPlatformAgentDefault:SecureJarResource(mixinextras.neoforge)]
[30Apr2026 19:10:51.123] [main/DEBUG] [mixin/]: Registering mixin config: mixinextras.init.mixins.json source=SecureJarResource(mixinextras.neoforge)
[30Apr2026 19:10:51.125] [main/DEBUG] [mixin/]: inject() running with 6 agents
[30Apr2026 19:10:51.126] [main/DEBUG] [mixin/]: Processing inject() for PlatformAgent[MixinPlatformAgentDefault:ModLauncher Root Container(ModLauncher:4f56a0a2)]
[30Apr2026 19:10:51.126] [main/DEBUG] [mixin/]: Processing inject() for PlatformAgent[MixinPlatformAgentDefault:net.neoforged.fml.loading.mixin.FMLMixinContainerHandle@12f8b1d8]
[30Apr2026 19:10:51.126] [main/DEBUG] [mixin/]: Processing inject() for PlatformAgent[FMLMixinPlatformAgent:null]
[30Apr2026 19:10:51.127] [main/DEBUG] [mixin/]: Processing inject() for PlatformAgent[MixinPlatformAgentDefault:SecureJarResource(mixin_synthetic)]
[30Apr2026 19:10:51.127] [main/DEBUG] [mixin/]: Processing inject() for PlatformAgent[MixinPlatformAgentDefault:SecureJarResource(minecraft)]
[30Apr2026 19:10:51.127] [main/DEBUG] [mixin/]: Processing inject() for PlatformAgent[MixinPlatformAgentDefault:SecureJarResource(modshellatol)]
[30Apr2026 19:10:51.127] [main/DEBUG] [mixin/]: Processing inject() for PlatformAgent[MixinPlatformAgentDefault:SecureJarResource(mixinextras.neoforge)]
[30Apr2026 19:10:51.127] [main/INFO] [cpw.mods.modlauncher.LaunchServiceHandler/MODLAUNCHER]: Launching target 'neoforgeclientdev' with arguments [--version, 21.8.31, --assetsDir, C:\Users\lucas\.mcreator\gradle\caches\neoformruntime\assets, --assetIndex, 26]
[30Apr2026 19:10:51.174] [main/DEBUG] [mixin/]: Preparing mixins for MixinEnvironment[DEFAULT]
[30Apr2026 19:10:51.175] [main/DEBUG] [mixin/]: Selecting config neoforge.mixins.json
[30Apr2026 19:10:51.180] [main/DEBUG] [mixin/]: Selecting config modshellatol.mixins.json
[30Apr2026 19:10:51.181] [main/DEBUG] [mixin/]: Selecting config mixinextras.init.mixins.json
[30Apr2026 19:10:51.262] [main/DEBUG] [MixinExtras|Service/]: com.llamalad7.mixinextras.service.MixinExtrasServiceImpl(version=0.5.0) is taking over from null
[30Apr2026 19:10:51.314] [main/DEBUG] [mixin/]: Registering new injector for @Inject with org.spongepowered.asm.mixin.injection.struct.CallbackInjectionInfo
[30Apr2026 19:10:51.317] [main/DEBUG] [mixin/]: Registering new injector for @ModifyArg with org.spongepowered.asm.mixin.injection.struct.ModifyArgInjectionInfo
[30Apr2026 19:10:51.319] [main/DEBUG] [mixin/]: Registering new injector for @ModifyArgs with org.spongepowered.asm.mixin.injection.struct.ModifyArgsInjectionInfo
[30Apr2026 19:10:51.321] [main/DEBUG] [mixin/]: Registering new injector for @Redirect with org.spongepowered.asm.mixin.injection.struct.RedirectInjectionInfo
[30Apr2026 19:10:51.322] [main/DEBUG] [mixin/]: Registering new injector for @ModifyVariable with org.spongepowered.asm.mixin.injection.struct.ModifyVariableInjectionInfo
[30Apr2026 19:10:51.324] [main/DEBUG] [mixin/]: Registering new injector for @ModifyConstant with org.spongepowered.asm.mixin.injection.struct.ModifyConstantInjectionInfo
[30Apr2026 19:10:51.343] [main/DEBUG] [mixin/]: Preparing neoforge.mixins.json (2)
[30Apr2026 19:10:51.421] [main/DEBUG] [mixin/]: Preparing modshellatol.mixins.json (1)
[30Apr2026 19:10:51.429] [main/DEBUG] [mixin/]: Preparing mixinextras.init.mixins.json (0)
[30Apr2026 19:10:51.440] [main/DEBUG] [mixin/]: Prepared 3 mixins in 0.264 sec (88.0ms avg) (0ms load, 0ms transform, 0ms plugin)
[30Apr2026 19:10:51.618] [main/DEBUG] [io.netty.util.internal.logging.InternalLoggerFactory/]: Using SLF4J as the default logging framework
[30Apr2026 19:10:51.621] [main/DEBUG] [io.netty.util.ResourceLeakDetector/]: -Dio.netty.leakDetection.level: simple
[30Apr2026 19:10:51.622] [main/DEBUG] [io.netty.util.ResourceLeakDetector/]: -Dio.netty.leakDetection.targetRecords: 4
[30Apr2026 19:10:52.742] [main/DEBUG] [oshi.util.FileUtil/]: No oshi.properties file found from ClassLoader cpw.mods.modlauncher.TransformingClassLoader@29a4f594
[30Apr2026 19:10:53.127] [main/DEBUG] [oshi.util.FileUtil/]: No oshi.architecture.properties file found from ClassLoader cpw.mods.modlauncher.TransformingClassLoader@29a4f594
[30Apr2026 19:10:53.128] [Datafixer Bootstrap/INFO] [com.mojang.datafixers.DataFixerBuilder/]: 272 Datafixer optimizations took 425 milliseconds
[30Apr2026 19:10:53.230] [pool-6-thread-1/INFO] [MixinExtras|Service/]: Initializing MixinExtras via com.llamalad7.mixinextras.service.MixinExtrasServiceImpl(version=0.5.0).
[30Apr2026 19:10:53.232] [pool-6-thread-1/DEBUG] [mixin/]: Registering new injector for @SugarWrapper with com.llamalad7.mixinextras.sugar.impl.SugarWrapperInjectionInfo
[30Apr2026 19:10:53.232] [pool-6-thread-1/DEBUG] [mixin/]: Registering new injector for @FactoryRedirectWrapper with com.llamalad7.mixinextras.wrapper.factory.FactoryRedirectWrapperInjectionInfo
[30Apr2026 19:10:53.233] [pool-6-thread-1/DEBUG] [mixin/]: Registering new injector for @ExpressionInjectorWrapper with com.llamalad7.mixinextras.expression.impl.wrapper.ExpressionInjectorWrapperInjectionInfo
[30Apr2026 19:10:53.241] [pool-6-thread-1/DEBUG] [mixin/]: Mixing MappedRegistryAccessor from neoforge.mixins.json into net.minecraft.core.MappedRegistry
[30Apr2026 19:10:53.244] [pool-6-thread-1/DEBUG] [mixin/]: neoforge.mixins.json:MappedRegistryAccessor from mod neoforge: Class version 65 required is higher than the class version supported by the current version of Mixin (JAVA_16 supports class version 60)
[30Apr2026 19:10:54.192] [pool-6-thread-1/DEBUG] [mixin/]: Mixing BlockEntityTypeAccessor from neoforge.mixins.json into net.minecraft.world.level.block.entity.BlockEntityType
[30Apr2026 19:10:54.192] [pool-6-thread-1/DEBUG] [mixin/]: neoforge.mixins.json:BlockEntityTypeAccessor from mod neoforge: Class version 65 required is higher than the class version supported by the current version of Mixin (JAVA_16 supports class version 60)
[30Apr2026 19:10:55.679] [pool-6-thread-1/DEBUG] [io.netty.util.internal.PlatformDependent0/]: -Dio.netty.noUnsafe: false
[30Apr2026 19:10:55.680] [pool-6-thread-1/DEBUG] [io.netty.util.internal.PlatformDependent0/]: Java version: 21
[30Apr2026 19:10:55.681] [pool-6-thread-1/DEBUG] [io.netty.util.internal.PlatformDependent0/]: sun.misc.Unsafe.theUnsafe: available
[30Apr2026 19:10:55.681] [pool-6-thread-1/DEBUG] [io.netty.util.internal.PlatformDependent0/]: sun.misc.Unsafe base methods: all available
[30Apr2026 19:10:55.682] [pool-6-thread-1/DEBUG] [io.netty.util.internal.PlatformDependent0/]: sun.misc.Unsafe.storeFence: available
[30Apr2026 19:10:55.682] [pool-6-thread-1/DEBUG] [io.netty.util.internal.PlatformDependent0/]: java.nio.Buffer.address: available
[30Apr2026 19:10:55.683] [pool-6-thread-1/DEBUG] [io.netty.util.internal.PlatformDependent0/]: direct buffer constructor: unavailable: Reflective setAccessible(true) disabled
[30Apr2026 19:10:55.684] [pool-6-thread-1/DEBUG] [io.netty.util.internal.PlatformDependent0/]: java.nio.Bits.unaligned: available, true
[30Apr2026 19:10:55.685] [pool-6-thread-1/DEBUG] [io.netty.util.internal.PlatformDependent0/]: jdk.internal.misc.Unsafe.allocateUninitializedArray(int): unavailable: class io.netty.util.internal.PlatformDependent0$7 (in module io.netty.common) cannot access class jdk.internal.misc.Unsafe (in module java.base) because module java.base does not export jdk.internal.misc to module io.netty.common
[30Apr2026 19:10:55.686] [pool-6-thread-1/DEBUG] [io.netty.util.internal.PlatformDependent0/]: java.nio.DirectByteBuffer.<init>(long, {int,long}): unavailable
[30Apr2026 19:10:55.686] [pool-6-thread-1/DEBUG] [io.netty.util.internal.PlatformDependent/]: sun.misc.Unsafe: available
[30Apr2026 19:10:55.686] [pool-6-thread-1/DEBUG] [io.netty.util.internal.PlatformDependent/]: -Dio.netty.tmpdir: C:\Users\lucas\AppData\Local\Temp (java.io.tmpdir)
[30Apr2026 19:10:55.687] [pool-6-thread-1/DEBUG] [io.netty.util.internal.PlatformDependent/]: -Dio.netty.bitMode: 64 (sun.arch.data.model)
[30Apr2026 19:10:55.687] [pool-6-thread-1/DEBUG] [io.netty.util.internal.PlatformDependent/]: Platform: Windows
[30Apr2026 19:10:55.687] [pool-6-thread-1/DEBUG] [io.netty.util.internal.PlatformDependent/]: -Dio.netty.maxDirectMemory: -1 bytes
[30Apr2026 19:10:55.688] [pool-6-thread-1/DEBUG] [io.netty.util.internal.PlatformDependent/]: -Dio.netty.uninitializedArrayAllocationThreshold: -1
[30Apr2026 19:10:55.690] [pool-6-thread-1/DEBUG] [io.netty.util.internal.CleanerJava9/]: java.nio.ByteBuffer.cleaner(): available
[30Apr2026 19:10:55.690] [pool-6-thread-1/DEBUG] [io.netty.util.internal.PlatformDependent/]: -Dio.netty.noPreferDirect: false
[30Apr2026 19:10:57.737] [pool-6-thread-1/DEBUG] [mixin/]: Mixing NoiseGeneratorSettingsMixin from modshellatol.mixins.json into net.minecraft.world.level.levelgen.NoiseGeneratorSettings
[30Apr2026 19:10:58.942] [main/WARN] [net.minecraft.commands.Commands/]: Ambiguity between arguments [teleport, location] and [teleport, destination] with inputs: [0.1 -0.5 .9, 0 0 0]
[30Apr2026 19:10:58.944] [main/WARN] [net.minecraft.commands.Commands/]: Ambiguity between arguments [teleport, location] and [teleport, targets] with inputs: [0.1 -0.5 .9, 0 0 0]
[30Apr2026 19:10:58.947] [main/WARN] [net.minecraft.commands.Commands/]: Ambiguity between arguments [teleport, destination] and [teleport, targets] with inputs: [Player, 0123, @e, dd12be42-52a9-4a91-a8a1-11c01849e498]
[30Apr2026 19:10:58.949] [main/WARN] [net.minecraft.commands.Commands/]: Ambiguity between arguments [teleport, targets] and [teleport, destination] with inputs: [Player, 0123, dd12be42-52a9-4a91-a8a1-11c01849e498]
[30Apr2026 19:10:58.950] [main/WARN] [net.minecraft.commands.Commands/]: Ambiguity between arguments [teleport, targets, location] and [teleport, targets, destination] with inputs: [0.1 -0.5 .9, 0 0 0]
[30Apr2026 19:10:58.952] [main/WARN] [net.minecraft.commands.Commands/]: Ambiguity between arguments [waypoint, modify, waypoint, color, reset] and [waypoint, modify, waypoint, color, color] with inputs: [reset]
[30Apr2026 19:10:58.987] [main/DEBUG] [net.neoforged.fml.ModWorkManager/LOADING]: Using 16 threads for parallel mod-loading
[30Apr2026 19:10:58.998] [main/DEBUG] [net.neoforged.fml.javafmlmod.FMLModContainer/LOADING]: Creating FMLModContainer instance for [net.neoforged.neoforge.common.OnlyInWarningsHandler, net.neoforged.neoforge.common.NeoForgeMod, net.neoforged.neoforge.client.ClientNeoForgeMod]
[30Apr2026 19:10:59.005] [main/DEBUG] [net.neoforged.fml.javafmlmod.FMLModContainer/LOADING]: Creating FMLModContainer instance for [net.mcreator.modshellatol.ModshellatolMod]
[30Apr2026 19:10:59.031] [modloading-worker-0/DEBUG] [net.neoforged.neoforge.internal.versions.neoforge.NeoForgeVersion/CORE]: Found NeoForge version 21.8.31
[30Apr2026 19:10:59.032] [modloading-worker-0/DEBUG] [net.neoforged.neoforge.internal.versions.neoforge.NeoForgeVersion/CORE]: Found FML version 9.0.16
[30Apr2026 19:10:59.032] [modloading-worker-0/INFO] [net.neoforged.neoforge.common.NeoForgeMod/NEOFORGE-MOD]: NeoForge mod loading, version 21.8.31, for MC 1.21.8
[30Apr2026 19:10:59.061] [modloading-worker-0/DEBUG] [net.neoforged.fml.config.ConfigTracker/CONFIG]: Config file neoforge-server.toml for neoforge tracking
[30Apr2026 19:10:59.063] [modloading-worker-0/DEBUG] [net.neoforged.fml.config.ConfigTracker/CONFIG]: Config file neoforge-common.toml for neoforge tracking
[30Apr2026 19:10:59.127] [modloading-worker-0/DEBUG] [net.neoforged.fml.config.ConfigTracker/CONFIG]: Config file neoforge-client.toml for neoforge tracking
[30Apr2026 19:10:59.148] [modloading-worker-0/DEBUG] [net.neoforged.fml.javafmlmod.AutomaticEventSubscriber/LOADING]: Attempting to inject @EventBusSubscriber classes into the eventbus for neoforge
[30Apr2026 19:10:59.150] [modloading-worker-0/DEBUG] [net.neoforged.fml.javafmlmod.AutomaticEventSubscriber/LOADING]: Scanning class net.neoforged.neoforge.network.filters.GenericPacketSplitter for @SubscribeEvent-annotated methods
[30Apr2026 19:10:59.168] [modloading-worker-0/DEBUG] [io.netty.buffer.AbstractByteBuf/]: -Dio.netty.buffer.checkAccessible: true
[30Apr2026 19:10:59.168] [modloading-worker-0/DEBUG] [io.netty.buffer.AbstractByteBuf/]: -Dio.netty.buffer.checkBounds: true
[30Apr2026 19:10:59.169] [modloading-worker-0/DEBUG] [io.netty.util.ResourceLeakDetectorFactory/]: Loaded default ResourceLeakDetector: io.netty.util.ResourceLeakDetector@71e630a8
[30Apr2026 19:10:59.176] [modloading-worker-0/DEBUG] [io.netty.util.internal.InternalThreadLocalMap/]: -Dio.netty.threadLocalMap.stringBuilder.initialSize: 1024
[30Apr2026 19:10:59.176] [modloading-worker-0/DEBUG] [io.netty.util.internal.InternalThreadLocalMap/]: -Dio.netty.threadLocalMap.stringBuilder.maxSize: 4096
[30Apr2026 19:10:59.179] [modloading-worker-0/DEBUG] [io.netty.buffer.PooledByteBufAllocator/]: -Dio.netty.allocator.numHeapArenas: 32
[30Apr2026 19:10:59.179] [modloading-worker-0/DEBUG] [io.netty.buffer.PooledByteBufAllocator/]: -Dio.netty.allocator.numDirectArenas: 32
[30Apr2026 19:10:59.179] [modloading-worker-0/DEBUG] [io.netty.buffer.PooledByteBufAllocator/]: -Dio.netty.allocator.pageSize: 8192
[30Apr2026 19:10:59.179] [modloading-worker-0/DEBUG] [io.netty.buffer.PooledByteBufAllocator/]: -Dio.netty.allocator.maxOrder: 9
[30Apr2026 19:10:59.179] [modloading-worker-0/DEBUG] [io.netty.buffer.PooledByteBufAllocator/]: -Dio.netty.allocator.chunkSize: 4194304
[30Apr2026 19:10:59.179] [modloading-worker-0/DEBUG] [io.netty.buffer.PooledByteBufAllocator/]: -Dio.netty.allocator.smallCacheSize: 256
[30Apr2026 19:10:59.179] [modloading-worker-0/DEBUG] [io.netty.buffer.PooledByteBufAllocator/]: -Dio.netty.allocator.normalCacheSize: 64
[30Apr2026 19:10:59.179] [modloading-worker-0/DEBUG] [io.netty.buffer.PooledByteBufAllocator/]: -Dio.netty.allocator.maxCachedBufferCapacity: 32768
[30Apr2026 19:10:59.180] [modloading-worker-0/DEBUG] [io.netty.buffer.PooledByteBufAllocator/]: -Dio.netty.allocator.cacheTrimInterval: 8192
[30Apr2026 19:10:59.180] [modloading-worker-0/DEBUG] [io.netty.buffer.PooledByteBufAllocator/]: -Dio.netty.allocator.cacheTrimIntervalMillis: 0
[30Apr2026 19:10:59.180] [modloading-worker-0/DEBUG] [io.netty.buffer.PooledByteBufAllocator/]: -Dio.netty.allocator.useCacheForAllThreads: false
[30Apr2026 19:10:59.180] [modloading-worker-0/DEBUG] [io.netty.buffer.PooledByteBufAllocator/]: -Dio.netty.allocator.maxCachedByteBuffersPerChunk: 1023
[30Apr2026 19:10:59.181] [modloading-worker-0/DEBUG] [io.netty.buffer.PooledByteBufAllocator/]: -Dio.netty.allocator.disableCacheFinalizersForFastThreadLocalThreads: false
[30Apr2026 19:10:59.190] [modloading-worker-0/DEBUG] [io.netty.buffer.ByteBufUtil/]: -Dio.netty.allocator.type: pooled
[30Apr2026 19:10:59.190] [modloading-worker-0/DEBUG] [io.netty.buffer.ByteBufUtil/]: -Dio.netty.threadLocalDirectBufferSize: 0
[30Apr2026 19:10:59.190] [modloading-worker-0/DEBUG] [io.netty.buffer.ByteBufUtil/]: -Dio.netty.maxThreadLocalCharBufferSize: 16384
[30Apr2026 19:10:59.196] [modloading-worker-0/DEBUG] [net.neoforged.fml.javafmlmod.AutomaticEventSubscriber/LOADING]: Subscribing method private static void net.neoforged.neoforge.network.filters.GenericPacketSplitter.register(net.neoforged.neoforge.network.event.RegisterPayloadHandlersEvent) to the event bus of mod neoforge
[30Apr2026 19:10:59.197] [modloading-worker-0/DEBUG] [net.neoforged.fml.javafmlmod.AutomaticEventSubscriber/LOADING]: Scanning class net.neoforged.neoforge.network.NetworkInitialization for @SubscribeEvent-annotated methods
[30Apr2026 19:10:59.197] [modloading-worker-0/DEBUG] [net.neoforged.fml.javafmlmod.AutomaticEventSubscriber/LOADING]: Subscribing method private static void net.neoforged.neoforge.network.NetworkInitialization.register(net.neoforged.neoforge.network.event.RegisterPayloadHandlersEvent) to the event bus of mod neoforge
[30Apr2026 19:10:59.198] [modloading-worker-0/DEBUG] [net.neoforged.fml.javafmlmod.AutomaticEventSubscriber/LOADING]: Scanning class net.neoforged.neoforge.network.ConfigurationInitialization for @SubscribeEvent-annotated methods
[30Apr2026 19:10:59.201] [modloading-worker-0/DEBUG] [net.neoforged.fml.javafmlmod.AutomaticEventSubscriber/LOADING]: Subscribing method private static void net.neoforged.neoforge.network.ConfigurationInitialization.configureModdedClient(net.neoforged.neoforge.network.event.RegisterConfigurationTasksEvent) to the event bus of mod neoforge
[30Apr2026 19:10:59.202] [modloading-worker-0/DEBUG] [net.neoforged.fml.javafmlmod.AutomaticEventSubscriber/LOADING]: Scanning class net.neoforged.neoforge.model.data.ModelDataManager for @SubscribeEvent-annotated methods
[30Apr2026 19:10:59.204] [modloading-worker-0/DEBUG] [net.neoforged.fml.javafmlmod.AutomaticEventSubscriber/LOADING]: Subscribing method public static void net.neoforged.neoforge.model.data.ModelDataManager.onChunkUnload(net.neoforged.neoforge.event.level.ChunkEvent$Unload) to the game event bus
[30Apr2026 19:10:59.206] [modloading-worker-0/DEBUG] [net.neoforged.fml.javafmlmod.AutomaticEventSubscriber/LOADING]: Scanning class net.neoforged.neoforge.common.MonsterRoomHooks for @SubscribeEvent-annotated methods
[30Apr2026 19:10:59.207] [modloading-worker-0/DEBUG] [net.neoforged.fml.javafmlmod.AutomaticEventSubscriber/LOADING]: Subscribing method public static void net.neoforged.neoforge.common.MonsterRoomHooks.onDataMapsUpdated(net.neoforged.neoforge.registries.datamaps.DataMapsUpdatedEvent) to the game event bus
[30Apr2026 19:10:59.208] [modloading-worker-0/DEBUG] [net.neoforged.fml.javafmlmod.AutomaticEventSubscriber/LOADING]: Scanning class net.neoforged.neoforge.client.network.ClientPayloadHandler for @SubscribeEvent-annotated methods
[30Apr2026 19:10:59.220] [modloading-worker-0/DEBUG] [net.neoforged.fml.javafmlmod.AutomaticEventSubscriber/LOADING]: Subscribing method private static void net.neoforged.neoforge.client.network.ClientPayloadHandler.register(net.neoforged.neoforge.client.network.event.RegisterClientPayloadHandlersEvent) to the event bus of mod neoforge
[30Apr2026 19:10:59.220] [modloading-worker-0/DEBUG] [net.neoforged.fml.javafmlmod.AutomaticEventSubscriber/LOADING]: Scanning class net.neoforged.neoforge.client.ParticleBoundsDebugRenderer for @SubscribeEvent-annotated methods
[30Apr2026 19:10:59.225] [modloading-worker-0/DEBUG] [net.neoforged.fml.javafmlmod.AutomaticEventSubscriber/LOADING]: Subscribing method public static void net.neoforged.neoforge.client.ParticleBoundsDebugRenderer.onRegisterClientCommands(net.neoforged.neoforge.client.event.RegisterClientCommandsEvent) to the game event bus
[30Apr2026 19:10:59.225] [modloading-worker-0/DEBUG] [net.neoforged.fml.javafmlmod.AutomaticEventSubscriber/LOADING]: Subscribing method public static void net.neoforged.neoforge.client.ParticleBoundsDebugRenderer.onRenderLevelStage(net.neoforged.neoforge.client.event.RenderLevelStageEvent$AfterParticles) to the game event bus
[30Apr2026 19:10:59.225] [modloading-worker-0/DEBUG] [net.neoforged.fml.javafmlmod.AutomaticEventSubscriber/LOADING]: Scanning class net.neoforged.neoforge.client.NeoForgeRenderPipelines for @SubscribeEvent-annotated methods
[30Apr2026 19:10:59.242] [modloading-worker-0/DEBUG] [net.neoforged.fml.javafmlmod.AutomaticEventSubscriber/LOADING]: Subscribing method static void net.neoforged.neoforge.client.NeoForgeRenderPipelines.registerPipelines(net.neoforged.neoforge.client.event.RegisterRenderPipelinesEvent) to the event bus of mod neoforge
[30Apr2026 19:10:59.243] [modloading-worker-0/DEBUG] [net.neoforged.fml.javafmlmod.AutomaticEventSubscriber/LOADING]: Scanning class net.neoforged.neoforge.client.BlockEntityRenderBoundsDebugRenderer for @SubscribeEvent-annotated methods
[30Apr2026 19:10:59.244] [modloading-worker-0/DEBUG] [net.neoforged.fml.javafmlmod.AutomaticEventSubscriber/LOADING]: Subscribing method public static void net.neoforged.neoforge.client.BlockEntityRenderBoundsDebugRenderer.onRegisterClientCommands(net.neoforged.neoforge.client.event.RegisterClientCommandsEvent) to the game event bus
[30Apr2026 19:10:59.244] [modloading-worker-0/DEBUG] [net.neoforged.fml.javafmlmod.AutomaticEventSubscriber/LOADING]: Subscribing method public static void net.neoforged.neoforge.client.BlockEntityRenderBoundsDebugRenderer.onRenderLevelStage(net.neoforged.neoforge.client.event.RenderLevelStageEvent$AfterBlockEntities) to the game event bus
[30Apr2026 19:10:59.245] [modloading-worker-0/DEBUG] [net.neoforged.fml.javafmlmod.AutomaticEventSubscriber/LOADING]: Scanning class net.neoforged.neoforge.attachment.AttachmentSync for @SubscribeEvent-annotated methods
[30Apr2026 19:10:59.248] [modloading-worker-0/DEBUG] [net.neoforged.fml.javafmlmod.AutomaticEventSubscriber/LOADING]: Subscribing method public static void net.neoforged.neoforge.attachment.AttachmentSync.onChunkSent(net.neoforged.neoforge.event.level.ChunkWatchEvent$Sent) to the game event bus
[30Apr2026 19:10:59.248] [modloading-worker-0/DEBUG] [net.neoforged.fml.javafmlmod.AutomaticEventSubscriber/LOADING]: Scanning class net.neoforged.neoforge.attachment.AttachmentInternals for @SubscribeEvent-annotated methods
[30Apr2026 19:10:59.249] [modloading-worker-0/DEBUG] [net.neoforged.fml.javafmlmod.AutomaticEventSubscriber/LOADING]: Subscribing method public static void net.neoforged.neoforge.attachment.AttachmentInternals.onLivingConvert(net.neoforged.neoforge.event.entity.living.LivingConversionEvent$Post) to the game event bus
[30Apr2026 19:10:59.249] [modloading-worker-0/DEBUG] [net.neoforged.fml.javafmlmod.AutomaticEventSubscriber/LOADING]: Subscribing method public static void net.neoforged.neoforge.attachment.AttachmentInternals.onPlayerClone(net.neoforged.neoforge.event.entity.player.PlayerEvent$Clone) to the game event bus
[30Apr2026 19:10:59.271] [modloading-worker-0/DEBUG] [net.neoforged.fml.javafmlmod.AutomaticEventSubscriber/LOADING]: Attempting to inject @EventBusSubscriber classes into the eventbus for modshellatol
[30Apr2026 19:10:59.271] [modloading-worker-0/DEBUG] [net.neoforged.fml.javafmlmod.AutomaticEventSubscriber/LOADING]: Scanning class net.mcreator.modshellatol.command.SaCommand for @SubscribeEvent-annotated methods
[30Apr2026 19:10:59.273] [modloading-worker-0/DEBUG] [net.neoforged.fml.javafmlmod.AutomaticEventSubscriber/LOADING]: Subscribing method public static void net.mcreator.modshellatol.command.SaCommand.registerCommand(net.neoforged.neoforge.event.RegisterCommandsEvent) to the game event bus
[30Apr2026 19:10:59.273] [modloading-worker-0/DEBUG] [net.neoforged.fml.javafmlmod.AutomaticEventSubscriber/LOADING]: Scanning class net.mcreator.modshellatol.init.ModshellatolModBiomes for @SubscribeEvent-annotated methods
[30Apr2026 19:10:59.275] [modloading-worker-0/DEBUG] [net.neoforged.fml.javafmlmod.AutomaticEventSubscriber/LOADING]: Subscribing method public static void net.mcreator.modshellatol.init.ModshellatolModBiomes.onServerAboutToStart(net.neoforged.neoforge.event.server.ServerAboutToStartEvent) to the game event bus
[30Apr2026 19:10:59.275] [modloading-worker-0/DEBUG] [net.neoforged.fml.javafmlmod.AutomaticEventSubscriber/LOADING]: Scanning class net.mcreator.modshellatol.init.ModshellatolModScreens for @SubscribeEvent-annotated methods
[30Apr2026 19:10:59.276] [modloading-worker-0/DEBUG] [net.neoforged.fml.javafmlmod.AutomaticEventSubscriber/LOADING]: Subscribing method public static void net.mcreator.modshellatol.init.ModshellatolModScreens.clientLoad(net.neoforged.neoforge.client.event.RegisterMenuScreensEvent) to the event bus of mod modshellatol
[30Apr2026 19:10:59.277] [modloading-worker-0/DEBUG] [net.neoforged.fml.javafmlmod.AutomaticEventSubscriber/LOADING]: Scanning class net.mcreator.modshellatol.init.ModshellatolModTabs for @SubscribeEvent-annotated methods
[30Apr2026 19:10:59.277] [modloading-worker-0/DEBUG] [net.neoforged.fml.javafmlmod.AutomaticEventSubscriber/LOADING]: Subscribing method public static void net.mcreator.modshellatol.init.ModshellatolModTabs.buildTabContentsVanilla(net.neoforged.neoforge.event.BuildCreativeModeTabContentsEvent) to the event bus of mod modshellatol
[30Apr2026 19:10:59.277] [modloading-worker-0/DEBUG] [net.neoforged.fml.javafmlmod.AutomaticEventSubscriber/LOADING]: Scanning class net.mcreator.modshellatol.network.AeiouaButtonMessage for @SubscribeEvent-annotated methods
[30Apr2026 19:10:59.279] [modloading-worker-0/DEBUG] [net.neoforged.fml.javafmlmod.AutomaticEventSubscriber/LOADING]: Subscribing method public static void net.mcreator.modshellatol.network.AeiouaButtonMessage.registerMessage(net.neoforged.fml.event.lifecycle.FMLCommonSetupEvent) to the event bus of mod modshellatol
[30Apr2026 19:10:59.279] [modloading-worker-0/DEBUG] [net.neoforged.fml.javafmlmod.AutomaticEventSubscriber/LOADING]: Scanning class net.mcreator.modshellatol.network.GuiButtonMessage for @SubscribeEvent-annotated methods
[30Apr2026 19:10:59.281] [modloading-worker-0/DEBUG] [net.neoforged.fml.javafmlmod.AutomaticEventSubscriber/LOADING]: Subscribing method public static void net.mcreator.modshellatol.network.GuiButtonMessage.registerMessage(net.neoforged.fml.event.lifecycle.FMLCommonSetupEvent) to the event bus of mod modshellatol
[30Apr2026 19:10:59.281] [modloading-worker-0/DEBUG] [net.neoforged.fml.javafmlmod.AutomaticEventSubscriber/LOADING]: Scanning class net.mcreator.modshellatol.network.MenuStateUpdateMessage for @SubscribeEvent-annotated methods
[30Apr2026 19:10:59.283] [modloading-worker-0/DEBUG] [net.neoforged.fml.javafmlmod.AutomaticEventSubscriber/LOADING]: Subscribing method public static void net.mcreator.modshellatol.network.MenuStateUpdateMessage.registerMessage(net.neoforged.fml.event.lifecycle.FMLCommonSetupEvent) to the event bus of mod modshellatol
[30Apr2026 19:10:59.283] [modloading-worker-0/DEBUG] [net.neoforged.fml.javafmlmod.AutomaticEventSubscriber/LOADING]: Scanning class net.mcreator.modshellatol.world.dimension.ShellatolDimension$ShellatolSpecialEffectsHandler for @SubscribeEvent-annotated methods
[30Apr2026 19:10:59.287] [modloading-worker-0/DEBUG] [net.neoforged.fml.javafmlmod.AutomaticEventSubscriber/LOADING]: Subscribing method public static void net.mcreator.modshellatol.world.dimension.ShellatolDimension$ShellatolSpecialEffectsHandler.registerDimensionSpecialEffects(net.neoforged.neoforge.client.event.RegisterDimensionSpecialEffectsEvent) to the event bus of mod modshellatol
[30Apr2026 19:10:59.287] [modloading-worker-0/DEBUG] [net.neoforged.fml.javafmlmod.AutomaticEventSubscriber/LOADING]: Scanning class net.mcreator.modshellatol.world.dimension.ShellDimension$ShellSpecialEffectsHandler for @SubscribeEvent-annotated methods
[30Apr2026 19:10:59.289] [modloading-worker-0/DEBUG] [net.neoforged.fml.javafmlmod.AutomaticEventSubscriber/LOADING]: Subscribing method public static void net.mcreator.modshellatol.world.dimension.ShellDimension$ShellSpecialEffectsHandler.registerDimensionSpecialEffects(net.neoforged.neoforge.client.event.RegisterDimensionSpecialEffectsEvent) to the event bus of mod modshellatol
[30Apr2026 19:10:59.290] [modloading-worker-0/DEBUG] [net.neoforged.fml.javafmlmod.AutomaticEventSubscriber/LOADING]: Scanning class net.mcreator.modshellatol.world.teleporter.ShellatolTeleporter for @SubscribeEvent-annotated methods
[30Apr2026 19:10:59.292] [modloading-worker-0/DEBUG] [net.neoforged.fml.javafmlmod.AutomaticEventSubscriber/LOADING]: Subscribing method public static void net.mcreator.modshellatol.world.teleporter.ShellatolTeleporter.registerPointOfInterest(net.neoforged.neoforge.registries.RegisterEvent) to the event bus of mod modshellatol
[30Apr2026 19:10:59.293] [modloading-worker-0/DEBUG] [net.neoforged.fml.javafmlmod.AutomaticEventSubscriber/LOADING]: Scanning class net.mcreator.modshellatol.world.teleporter.ShellTeleporter for @SubscribeEvent-annotated methods
[30Apr2026 19:10:59.294] [modloading-worker-0/DEBUG] [net.neoforged.fml.javafmlmod.AutomaticEventSubscriber/LOADING]: Subscribing method public static void net.mcreator.modshellatol.world.teleporter.ShellTeleporter.registerPointOfInterest(net.neoforged.neoforge.registries.RegisterEvent) to the event bus of mod modshellatol
[30Apr2026 19:10:59.449] [modloading-sync-worker/DEBUG] [net.neoforged.fml.config.ConfigTracker/CONFIG]: Loading configs type CLIENT
[30Apr2026 19:10:59.457] [modloading-sync-worker/DEBUG] [net.neoforged.neoforge.common.NeoForgeMod/FORGEMOD]: Loaded NeoForge config file neoforge-client.toml
[30Apr2026 19:10:59.457] [modloading-sync-worker/DEBUG] [net.neoforged.fml.config.ConfigTracker/CONFIG]: Loaded TOML config file C:\Users\lucas\MCreatorWorkspaces\modshellatol\run\config\neoforge-client.toml
[30Apr2026 19:10:59.464] [modloading-sync-worker/DEBUG] [net.neoforged.fml.config.ConfigTracker/CONFIG]: Watching TOML config file C:\Users\lucas\MCreatorWorkspaces\modshellatol\run\config\neoforge-client.toml for changes
[30Apr2026 19:10:59.465] [modloading-sync-worker/DEBUG] [net.neoforged.fml.config.ConfigTracker/CONFIG]: Loading configs type COMMON
[30Apr2026 19:10:59.465] [modloading-sync-worker/DEBUG] [net.neoforged.neoforge.common.NeoForgeMod/FORGEMOD]: Loaded NeoForge config file neoforge-common.toml
[30Apr2026 19:10:59.465] [modloading-sync-worker/DEBUG] [net.neoforged.fml.config.ConfigTracker/CONFIG]: Loaded TOML config file C:\Users\lucas\MCreatorWorkspaces\modshellatol\run\config\neoforge-common.toml
[30Apr2026 19:10:59.466] [modloading-sync-worker/DEBUG] [net.neoforged.fml.config.ConfigTracker/CONFIG]: Watching TOML config file C:\Users\lucas\MCreatorWorkspaces\modshellatol\run\config\neoforge-common.toml for changes
[30Apr2026 19:10:59.572] [Render thread/WARN] [net.minecraft.server.packs.VanillaPackResourcesBuilder/]: Assets URL 'union:/C:/Users/lucas/MCreatorWorkspaces/modshellatol/build/moddev/artifacts/neoforge-21.8.31.jar%23212!/assets/.mcassetsroot' uses unexpected schema
[30Apr2026 19:10:59.574] [Render thread/WARN] [net.minecraft.server.packs.VanillaPackResourcesBuilder/]: Assets URL 'union:/C:/Users/lucas/MCreatorWorkspaces/modshellatol/build/moddev/artifacts/neoforge-21.8.31.jar%23212!/data/.mcassetsroot' uses unexpected schema
[30Apr2026 19:10:59.613] [Render thread/INFO] [com.mojang.authlib.yggdrasil.YggdrasilAuthenticationService/]: Environment: Environment[sessionHost=https://sessionserver.mojang.com, servicesHost=https://api.minecraftservices.com, name=PROD]
[30Apr2026 19:10:59.622] [Render thread/INFO] [net.minecraft.client.Minecraft/]: Setting user: Dev
[30Apr2026 19:10:59.766] [Render thread/INFO] [net.minecraft.client.Minecraft/]: Backend library: LWJGL version 3.3.3+5
[30Apr2026 19:10:59.970] [Render thread/INFO] [net.minecraft.client.Minecraft/]: Using optional rendering extensions: GL_ARB_buffer_storage, GL_KHR_debug, GL_ARB_vertex_attrib_binding, GL_ARB_direct_state_access
[30Apr2026 19:11:01.206] [Render thread/INFO] [net.minecraft.server.packs.resources.ReloadableResourceManager/]: Reloading ResourceManager: vanilla, mod_resources, mod/neoforge, mod/modshellatol
[30Apr2026 19:11:01.304] [Render thread/DEBUG] [net.neoforged.fml.DeferredWorkQueue/LOADING]: Dispatching synchronous work for work queue Common setup: 1 jobs
[30Apr2026 19:11:01.307] [Render thread/DEBUG] [net.neoforged.fml.DeferredWorkQueue/LOADING]: Synchronous work queue completed in 2.266 ms
[30Apr2026 19:11:01.322] [resourceLoad/INFO] [net.minecraft.client.gui.font.providers.UnihexProvider/]: Found unifont_pua-16.0.03.hex, loading
[30Apr2026 19:11:01.374] [resourceLoad/INFO] [net.minecraft.client.gui.font.providers.UnihexProvider/]: Found unifont_all_no_pua-16.0.03.hex, loading
[30Apr2026 19:11:01.583] [resourceLoad/INFO] [net.minecraft.client.gui.font.providers.UnihexProvider/]: Found unifont_jp_patch-16.0.03.hex, loading
[30Apr2026 19:11:01.797] [resourceLoad/ERROR] [net.minecraft.client.renderer.texture.atlas.SpriteResourceLoader/]: Using missing texture, unable to load modshellatol:monalisa
java.io.IOException: Bad PNG Signature
	at TRANSFORMER/minecraft@1.21.8/net.minecraft.util.PngInfo.validateHeader(PngInfo.java:47) ~[neoforge-21.8.31.jar%23212!/:?]
	at TRANSFORMER/minecraft@1.21.8/com.mojang.blaze3d.platform.NativeImage.read(NativeImage.java:162) ~[neoforge-21.8.31.jar%23212!/:?]
	at TRANSFORMER/minecraft@1.21.8/com.mojang.blaze3d.platform.NativeImage.read(NativeImage.java:112) ~[neoforge-21.8.31.jar%23212!/:?]
	at TRANSFORMER/minecraft@1.21.8/com.mojang.blaze3d.platform.NativeImage.read(NativeImage.java:102) ~[neoforge-21.8.31.jar%23212!/:?]
	at TRANSFORMER/minecraft@1.21.8/net.minecraft.client.renderer.texture.atlas.SpriteResourceLoader.lambda$create$0(SpriteResourceLoader.java:39) ~[neoforge-21.8.31.jar%23212!/:?]
	at TRANSFORMER/minecraft@1.21.8/net.minecraft.client.renderer.texture.atlas.SpriteResourceLoader.loadSprite(SpriteResourceLoader.java:71) ~[neoforge-21.8.31.jar%23212!/:?]
	at TRANSFORMER/minecraft@1.21.8/net.minecraft.client.renderer.texture.atlas.SpriteSource$Output.lambda$add$0(SpriteSource.java:25) ~[neoforge-21.8.31.jar%23212!/:?]
	at TRANSFORMER/minecraft@1.21.8/net.minecraft.client.renderer.texture.SpriteLoader.lambda$runSpriteSuppliers$4(SpriteLoader.java:125) ~[neoforge-21.8.31.jar%23212!/:?]
	at java.base/java.util.concurrent.CompletableFuture$AsyncSupply.run(CompletableFuture.java:1768) ~[?:?]
	at TRANSFORMER/minecraft@1.21.8/net.minecraft.server.packs.resources.SimpleReloadInstance.lambda$prepareTasks$0(SimpleReloadInstance.java:65) ~[neoforge-21.8.31.jar%23212!/:?]
	at TRANSFORMER/minecraft@1.21.8/net.minecraft.TracingExecutor.lambda$forName$0(TracingExecutor.java:18) ~[neoforge-21.8.31.jar%23212!/:?]
	at java.base/java.util.concurrent.ForkJoinTask$RunnableExecuteAction.compute(ForkJoinTask.java:1726) [?:?]
	at java.base/java.util.concurrent.ForkJoinTask$RunnableExecuteAction.compute(ForkJoinTask.java:1717) [?:?]
	at java.base/java.util.concurrent.ForkJoinTask$InterruptibleTask.exec(ForkJoinTask.java:1641) [?:?]
	at java.base/java.util.concurrent.ForkJoinTask.doExec(ForkJoinTask.java:507) [?:?]
	at java.base/java.util.concurrent.ForkJoinPool$WorkQueue.topLevelExec(ForkJoinPool.java:1491) [?:?]
	at java.base/java.util.concurrent.ForkJoinPool.scan(ForkJoinPool.java:2073) [?:?]
	at java.base/java.util.concurrent.ForkJoinPool.runWorker(ForkJoinPool.java:2035) [?:?]
	at java.base/java.util.concurrent.ForkJoinWorkerThread.run(ForkJoinWorkerThread.java:187) [?:?]
[30Apr2026 19:11:02.164] [resourceLoad/WARN] [net.minecraft.client.renderer.texture.SpriteLoader/]: Texture modshellatol:block/screenshot_2026-04-27_195311-removebg-preview with size 198x351 limits mip level from 2 to 0
[30Apr2026 19:11:03.779] [Render thread/INFO] [com.mojang.blaze3d.audio.Library/]: OpenAL initialized on device OpenAL Soft on Speakers (Realtek(R) Audio)
[30Apr2026 19:11:03.781] [Render thread/INFO] [net.minecraft.client.sounds.SoundEngine/SOUNDS]: Sound engine started
[30Apr2026 19:11:03.905] [Render thread/INFO] [net.minecraft.client.renderer.texture.TextureAtlas/]: Created: 1024x1024x2 minecraft:textures/atlas/blocks.png-atlas
[30Apr2026 19:11:03.917] [Render thread/INFO] [net.minecraft.client.renderer.texture.TextureAtlas/]: Created: 256x256x2 minecraft:textures/atlas/signs.png-atlas
[30Apr2026 19:11:03.919] [Render thread/INFO] [net.minecraft.client.renderer.texture.TextureAtlas/]: Created: 512x512x2 minecraft:textures/atlas/shield_patterns.png-atlas
[30Apr2026 19:11:03.920] [Render thread/INFO] [net.minecraft.client.renderer.texture.TextureAtlas/]: Created: 512x512x2 minecraft:textures/atlas/banner_patterns.png-atlas
[30Apr2026 19:11:03.920] [Render thread/INFO] [net.minecraft.client.renderer.texture.TextureAtlas/]: Created: 2048x1024x2 minecraft:textures/atlas/armor_trims.png-atlas
[30Apr2026 19:11:03.934] [Render thread/INFO] [net.minecraft.client.renderer.texture.TextureAtlas/]: Created: 128x64x2 minecraft:textures/atlas/decorated_pot.png-atlas
[30Apr2026 19:11:03.935] [Render thread/INFO] [net.minecraft.client.renderer.texture.TextureAtlas/]: Created: 256x256x2 minecraft:textures/atlas/chest.png-atlas
[30Apr2026 19:11:03.935] [Render thread/INFO] [net.minecraft.client.renderer.texture.TextureAtlas/]: Created: 512x256x2 minecraft:textures/atlas/beds.png-atlas
[30Apr2026 19:11:03.936] [Render thread/INFO] [net.minecraft.client.renderer.texture.TextureAtlas/]: Created: 512x256x2 minecraft:textures/atlas/shulker_boxes.png-atlas
[30Apr2026 19:11:03.938] [Render thread/INFO] [net.minecraft.client.renderer.texture.TextureAtlas/]: Created: 64x64x0 minecraft:textures/atlas/map_decorations.png-atlas
[30Apr2026 19:11:04.114] [Render thread/INFO] [net.minecraft.client.renderer.texture.TextureAtlas/]: Created: 512x256x0 minecraft:textures/atlas/particles.png-atlas
[30Apr2026 19:11:04.115] [Render thread/INFO] [net.minecraft.client.renderer.texture.TextureAtlas/]: Created: 512x256x0 minecraft:textures/atlas/paintings.png-atlas
[30Apr2026 19:11:04.115] [Render thread/INFO] [net.minecraft.client.renderer.texture.TextureAtlas/]: Created: 1024x512x0 minecraft:textures/atlas/gui.png-atlas
[30Apr2026 19:11:04.121] [Render thread/INFO] [net.neoforged.neoforge.client.entity.animation.json.AnimationLoader/]: Loaded 0 entity animations
[30Apr2026 19:11:10.590] [Render thread/INFO] [net.minecraft.world.item.crafting.RecipeManager/]: Loaded 1407 recipes
[30Apr2026 19:11:10.617] [Render thread/INFO] [net.minecraft.advancements.AdvancementTree/]: Loaded 1521 advancements
[30Apr2026 19:11:10.621] [Render thread/INFO] [net.neoforged.neoforge.common.crafting.RecipePriorityManager/]: Loaded 0 recipe priority overrides
[30Apr2026 19:11:10.709] [Render thread/DEBUG] [net.neoforged.neoforge.common.CommonHooks/WP]: Gathered mod list to write to world save New World satol
[30Apr2026 19:11:10.802] [Server thread/INFO] [net.minecraft.client.server.IntegratedServer/]: Starting integrated minecraft server version 1.21.8
[30Apr2026 19:11:10.803] [Server thread/INFO] [net.minecraft.server.MinecraftServer/]: Generating keypair
[30Apr2026 19:11:10.871] [Server thread/DEBUG] [net.neoforged.fml.config.ConfigTracker/CONFIG]: Loading configs type SERVER
[30Apr2026 19:11:10.873] [Server thread/DEBUG] [net.neoforged.neoforge.common.NeoForgeMod/FORGEMOD]: Loaded NeoForge config file neoforge-server.toml
[30Apr2026 19:11:10.873] [Server thread/DEBUG] [net.neoforged.fml.config.ConfigTracker/CONFIG]: Loaded TOML config file C:\Users\lucas\MCreatorWorkspaces\modshellatol\run\config\neoforge-server.toml
[30Apr2026 19:11:10.875] [Server thread/DEBUG] [net.neoforged.fml.config.ConfigTracker/CONFIG]: Watching TOML config file C:\Users\lucas\MCreatorWorkspaces\modshellatol\run\config\neoforge-server.toml for changes
[30Apr2026 19:11:11.237] [Server thread/INFO] [net.minecraft.server.MinecraftServer/]: Preparing start region for dimension minecraft:overworld
[30Apr2026 19:11:11.937] [progressListener/INFO] [net.minecraft.server.level.progress.LoggerChunkProgressListener/]: Preparing spawn area: 0%
[30Apr2026 19:11:11.937] [progressListener/INFO] [net.minecraft.server.level.progress.LoggerChunkProgressListener/]: Preparing spawn area: 0%
[30Apr2026 19:11:12.007] [progressListener/INFO] [net.minecraft.server.level.progress.LoggerChunkProgressListener/]: Time elapsed: 707 ms
[30Apr2026 19:11:12.010] [Server thread/INFO] [net.neoforged.neoforge.server.permission.PermissionAPI/]: Successfully initialized permission handler neoforge:default_handler
[30Apr2026 19:11:12.092] [Server thread/INFO] [net.minecraft.client.server.IntegratedServer/]: Changing view distance to 5, from 10
[30Apr2026 19:11:12.092] [Server thread/INFO] [net.minecraft.client.server.IntegratedServer/]: Changing simulation distance to 12, from 0
[30Apr2026 19:11:12.114] [Render thread/DEBUG] [io.netty.channel.MultithreadEventLoopGroup/]: -Dio.netty.eventLoopThreads: 32
[30Apr2026 19:11:12.139] [Render thread/DEBUG] [io.netty.util.concurrent.GlobalEventExecutor/]: -Dio.netty.globalEventExecutor.quietPeriodSeconds: 1
[30Apr2026 19:11:12.151] [Render thread/DEBUG] [io.netty.channel.nio.NioEventLoop/]: -Dio.netty.noKeySetOptimization: false
[30Apr2026 19:11:12.151] [Render thread/DEBUG] [io.netty.channel.nio.NioEventLoop/]: -Dio.netty.selectorAutoRebuildThreshold: 512
[30Apr2026 19:11:12.156] [Render thread/DEBUG] [io.netty.util.internal.PlatformDependent/]: org.jctools-core.MpscChunkedArrayQueue: available
[30Apr2026 19:11:12.227] [Render thread/DEBUG] [io.netty.channel.DefaultChannelId/]: -Dio.netty.processId: 26236 (auto-detected)
[30Apr2026 19:11:12.228] [Render thread/DEBUG] [io.netty.util.NetUtil/]: -Djava.net.preferIPv4Stack: false
[30Apr2026 19:11:12.229] [Render thread/DEBUG] [io.netty.util.NetUtil/]: -Djava.net.preferIPv6Addresses: system
[30Apr2026 19:11:12.231] [Render thread/DEBUG] [io.netty.util.NetUtilInitializations/]: Loopback interface: loopback_0 (Software Loopback Interface 1, 0:0:0:0:0:0:0:1)
[30Apr2026 19:11:12.232] [Render thread/DEBUG] [io.netty.util.NetUtil/]: Failed to get SOMAXCONN from sysctl and file \proc\sys\net\core\somaxconn. Default: 200
[30Apr2026 19:11:12.233] [Render thread/DEBUG] [io.netty.channel.DefaultChannelId/]: -Dio.netty.machineId: 0c:9d:92:ff:fe:04:d3:8a (auto-detected)
[30Apr2026 19:11:12.245] [Render thread/DEBUG] [io.netty.bootstrap.ChannelInitializerExtensions/]: -Dio.netty.bootstrap.extensions: null
[30Apr2026 19:11:12.298] [Render thread/DEBUG] [io.netty.util.Recycler/]: -Dio.netty.recycler.maxCapacityPerThread: 4096
[30Apr2026 19:11:12.298] [Render thread/DEBUG] [io.netty.util.Recycler/]: -Dio.netty.recycler.ratio: 8
[30Apr2026 19:11:12.298] [Render thread/DEBUG] [io.netty.util.Recycler/]: -Dio.netty.recycler.chunkSize: 32
[30Apr2026 19:11:12.298] [Render thread/DEBUG] [io.netty.util.Recycler/]: -Dio.netty.recycler.blocking: false
[30Apr2026 19:11:12.298] [Render thread/DEBUG] [io.netty.util.Recycler/]: -Dio.netty.recycler.batchFastThreadLocalOnly: true
[30Apr2026 19:11:12.478] [Netty Server IO #1/DEBUG] [net.neoforged.neoforge.network.filters.NetworkFilters/]: Injected net.neoforged.neoforge.network.filters.GenericPacketSplitter@393b5d50 into net.minecraft.network.Connection@16d2fe68
[30Apr2026 19:11:12.485] [Netty Local Client IO #0/DEBUG] [net.neoforged.neoforge.network.filters.NetworkFilters/]: Injected net.neoforged.neoforge.network.filters.GenericPacketSplitter@165d295 into net.minecraft.network.Connection@7b0dc28b
[30Apr2026 19:11:12.885] [Netty Server IO #1/DEBUG] [net.neoforged.neoforge.network.filters.NetworkFilters/]: Injected net.neoforged.neoforge.network.filters.GenericPacketSplitter@21712d3d into net.minecraft.network.Connection@16d2fe68
[30Apr2026 19:11:13.009] [Server thread/INFO] [net.minecraft.server.players.PlayerList/]: Dev[local:E:4dad353c] logged in with entity id 1 at (109.66853226999389, 68.25052985091747, -25.0024223917666)
[30Apr2026 19:11:13.029] [Server thread/DEBUG] [net.neoforged.neoforge.common.CommonHooks/]: Sending 0 recipes of the following types: []
[30Apr2026 19:11:13.083] [Server thread/INFO] [net.minecraft.server.MinecraftServer/]: Dev joined the game
[30Apr2026 19:11:13.362] [Render thread/INFO] [net.minecraft.client.renderer.DynamicUniformStorage/]: Resizing Dynamic Transforms UBO, capacity limit of 2 reached during a single frame. New capacity will be 4.
[30Apr2026 19:11:13.390] [Render thread/INFO] [net.minecraft.advancements.AdvancementTree/]: Loaded 47 advancements
[30Apr2026 19:11:13.529] [Render thread/INFO] [net.minecraft.client.renderer.DynamicUniformStorage/]: Resizing Dynamic Transforms UBO, capacity limit of 4 reached during a single frame. New capacity will be 8.
[30Apr2026 19:11:13.882] [Render thread/INFO] [net.minecraft.client.renderer.DynamicUniformStorage/]: Resizing Dynamic Transforms UBO, capacity limit of 8 reached during a single frame. New capacity will be 16.
[30Apr2026 19:11:13.904] [Render thread/INFO] [net.minecraft.client.renderer.DynamicUniformStorage/]: Resizing Dynamic Transforms UBO, capacity limit of 16 reached during a single frame. New capacity will be 32.
[30Apr2026 19:11:13.978] [Render thread/INFO] [net.minecraft.client.renderer.DynamicUniformStorage/]: Resizing Dynamic Transforms UBO, capacity limit of 32 reached during a single frame. New capacity will be 64.
[30Apr2026 19:11:14.068] [Render thread/INFO] [net.minecraft.client.renderer.DynamicUniformStorage/]: Resizing Dynamic Transforms UBO, capacity limit of 64 reached during a single frame. New capacity will be 128.
[30Apr2026 19:11:14.237] [Render thread/INFO] [net.minecraft.client.renderer.DynamicUniformStorage/]: Resizing Dynamic Transforms UBO, capacity limit of 128 reached during a single frame. New capacity will be 256.
[30Apr2026 19:13:55.365] [Server thread/INFO] [net.minecraft.client.server.IntegratedServer/]: Saving and pausing game...
[30Apr2026 19:13:55.412] [Server thread/INFO] [net.minecraft.server.MinecraftServer/]: Saving chunks for level 'ServerLevel[New World satol]'/minecraft:overworld
[30Apr2026 19:13:55.427] [Server thread/INFO] [net.minecraft.server.MinecraftServer/]: Saving chunks for level 'ServerLevel[New World satol]'/modshellatol:shellatol
[30Apr2026 19:13:55.432] [Server thread/INFO] [net.minecraft.server.MinecraftServer/]: Saving chunks for level 'ServerLevel[New World satol]'/minecraft:the_end
[30Apr2026 19:13:55.435] [Server thread/INFO] [net.minecraft.server.MinecraftServer/]: Saving chunks for level 'ServerLevel[New World satol]'/modshellatol:shell
[30Apr2026 19:13:55.439] [Server thread/INFO] [net.minecraft.server.MinecraftServer/]: Saving chunks for level 'ServerLevel[New World satol]'/minecraft:the_nether
[30Apr2026 19:13:55.462] [Server thread/DEBUG] [net.neoforged.neoforge.common.CommonHooks/WP]: Gathered mod list to write to world save New World satol
[30Apr2026 19:13:57.167] [Server thread/INFO] [net.minecraft.server.network.ServerGamePacketListenerImpl/]: Dev lost connection: Disconnected
[30Apr2026 19:13:57.168] [Server thread/INFO] [net.minecraft.server.MinecraftServer/]: Dev left the game
[30Apr2026 19:13:57.193] [Server thread/INFO] [net.minecraft.server.network.ServerCommonPacketListenerImpl/]: Stopping singleplayer server as player logged out
[30Apr2026 19:13:57.214] [Server thread/INFO] [net.minecraft.server.MinecraftServer/]: Stopping server
[30Apr2026 19:13:57.215] [Server thread/INFO] [net.minecraft.server.MinecraftServer/]: Saving players
[30Apr2026 19:13:57.216] [Server thread/INFO] [net.minecraft.server.MinecraftServer/]: Saving worlds
[30Apr2026 19:13:57.313] [Server thread/INFO] [net.minecraft.server.MinecraftServer/]: Saving chunks for level 'ServerLevel[New World satol]'/minecraft:overworld
[30Apr2026 19:13:57.332] [Server thread/INFO] [net.minecraft.server.MinecraftServer/]: Saving chunks for level 'ServerLevel[New World satol]'/modshellatol:shellatol
[30Apr2026 19:13:57.340] [Server thread/INFO] [net.minecraft.server.MinecraftServer/]: Saving chunks for level 'ServerLevel[New World satol]'/minecraft:the_end
[30Apr2026 19:13:57.347] [Server thread/INFO] [net.minecraft.server.MinecraftServer/]: Saving chunks for level 'ServerLevel[New World satol]'/modshellatol:shell
[30Apr2026 19:13:57.355] [Server thread/INFO] [net.minecraft.server.MinecraftServer/]: Saving chunks for level 'ServerLevel[New World satol]'/minecraft:the_nether
[30Apr2026 19:13:57.366] [Server thread/DEBUG] [net.neoforged.neoforge.common.CommonHooks/WP]: Gathered mod list to write to world save New World satol
[30Apr2026 19:13:57.377] [Server thread/INFO] [net.minecraft.server.MinecraftServer/]: ThreadedAnvilChunkStorage (New World satol): All chunks are saved
[30Apr2026 19:13:57.377] [Server thread/INFO] [net.minecraft.server.MinecraftServer/]: ThreadedAnvilChunkStorage (shellatol): All chunks are saved
[30Apr2026 19:13:57.378] [Server thread/INFO] [net.minecraft.server.MinecraftServer/]: ThreadedAnvilChunkStorage (DIM1): All chunks are saved
[30Apr2026 19:13:57.379] [Server thread/INFO] [net.minecraft.server.MinecraftServer/]: ThreadedAnvilChunkStorage (shell): All chunks are saved
[30Apr2026 19:13:57.380] [Server thread/INFO] [net.minecraft.server.MinecraftServer/]: ThreadedAnvilChunkStorage (DIM-1): All chunks are saved
[30Apr2026 19:13:57.381] [Server thread/INFO] [net.minecraft.server.MinecraftServer/]: ThreadedAnvilChunkStorage: All dimensions are saved
[30Apr2026 19:13:57.418] [Server thread/DEBUG] [net.neoforged.fml.config.ConfigTracker/CONFIG]: Unloading configs type SERVER
[30Apr2026 19:13:58.139] [Render thread/INFO] [net.minecraft.client.Minecraft/]: Stopping!
